SSCC;PRODUCTO;DESCRIPCION;F_CADUC;ESTADO;UNIDS_STO;UNIDS_DES;MOTIVO;   ZONA;ALL;DPL;NIV;LOTE;EMBALAJE
'000000000004713197;30801            ;CROQUETA CASERA POLLO CONG*   ;20231128;10;7;6;   ;M;110;9;0;'20616               ;PBL
'384105000261664251;30802            ;CROQUETA POLLO CONG*          ;20231228;10;3;0;   ;M;110;10;0;'20712               ;PBL
'384105000261664275;85171            ;CROQUETA ARTESANA BACALAO CONG;20240228;10;69;2;   ;M;110;130;0;'20902               ;PBL
'384105000261696481;37497            ;QUESO MEZCLA SEMICURADO  KG   ;20231003;40;2;0;   ;E;4;10;0;'202227611           ;PBL
'384105000261703936;31662            ;FIAMB YORK 11X11 MAGRO PIE ENT;20230406;40;1;0;   ;E;4;13;0;'176401              ;PBL
'384105000261703967;58471            ;BACON PREFORMADO PIEZA ENTERA*;20230216;40;1;0;   ;E;4;9;1;'23901               ;PBL
'384105000261703981;34815            ;NARANJA ZUMO 7/8 UN/KG*       ;20221226;10;33;0;   ;E;2;4;0;'0022431             ;PBL
'384105000261703998;33488            ;LIMON PRIMERA GRANEL KG*      ;20221226;40;12;0;   ;E;4;26;1;'0022431             ;PBL
'384105000261696535;33915            ;MANZANA ROYAL GALA 5/6 UN/KG* ;20221218;40;62;0;   ;E;1;9;2;'00000314            ;PBL
'384105000261696542;36573            ;PERA BLANQUILLA 6/7 UN/KG*    ;20221218;10;34;0;   ;E;2;24;0;'00000282            ;PBL
'384105000261696559;36574            ;PERA BLANQUILLA 8/+UN/KG*     ;20221218;40;46;0;   ;E;1;8;2;'00000282            ;PBL
'384105000261636333;33265            ;LECHE DESNATADA BRICK 1L*     ;20221126;10;80;0;   ;E;2;22;0;'2611222F10          ;PBL
'384105000261636340;33265            ;LECHE DESNATADA BRICK 1L*     ;20221126;40;125;0;   ;E;4;8;4;'2611222F10          ;PBL
'384105000261676124;164828           ;CABALLA/VERDEL FILETE C/P S/E ;20240131;10;76;0;   ;M;110;550;0;'22201               ;PBL
'000000000004721208;77240            ;TERNERA TACO GUISAR ELABORADA ;20240229;10;74;4;   ;M;110;89;0;'2207857             ;PBL
'384105000261676155;158103           ;POLLO PECHUGA FILETE 160G IQF ;20240331;10;108;0;   ;M;110;522;0;'4493                ;PBL
'384105000261527389;36315            ;PATATA DADO PREFRITA CONG     ;20240131;10;67;1;   ;M;110;45;0;'1004136352          ;PBL
'384105000261676162;84034            ;POLLO JAMONCITO 120G IQF CONG ;20240131;10;13;9;   ;M;110;123;0;'5436                ;PBL
'384105000261676179;84034            ;POLLO JAMONCITO 120G IQF CONG ;20240131;10;108;0;   ;M;110;123;0;'5436                ;PBL
'384105000261676292;38164            ;SALMON PORCION 80-120G CONG   ;20240531;10;35;10;   ;M;110;65;0;'B22005176           ;PBL
'384105000261583699;36352            ;PATATA STEAKHOUSE 9X18 CONG   ;20230930;10;27;1;   ;M;110;343;0;'1004228912          ;PBL
'384105000261583705;36352            ;PATATA STEAKHOUSE 9X18 CONG   ;20230930;10;36;0;   ;M;110;343;0;'1004230258          ;PBL
'384105000261583712;36352            ;PATATA STEAKHOUSE 9X18 CONG   ;20230930;10;27;0;   ;M;110;343;0;'1004230258          ;PBL
'384105000261676735;10662            ;ZANAHORIA BABY PF CONG        ;20240710;10;20;0;   ;M;110;1;0;'2191                ;PBL
'384105000261676742;10662            ;ZANAHORIA BABY PF CONG        ;20240710;10;72;0;   ;M;110;1;0;'2191                ;PBL
'384105000261676759;10700            ;ZANAHORIA RODAJA PF CONG      ;20240824;10;53;12;   ;M;110;3;0;'2236                ;PBL
'384105000261676773;32383            ;GUISANTE FINO CONG            ;20240804;10;54;0;   ;M;110;16;0;'2216                ;PBL
'384105000261676841;57908            ;JUDIA VERDE PLANA TROZOS PF CO;20240829;10;60;0;   ;M;110;63;0;'2241                ;PBL
'384105000261676858;57908            ;JUDIA VERDE PLANA TROZOS PF CO;20240829;10;72;0;   ;M;110;63;0;'2241                ;PBL
'384105000261676872;57910            ;JUDIA VERDE REDONDA TROZOS PF ;20240808;10;27;0;   ;M;110;64;0;'2220                ;PBL
'000000000004721512;57910            ;JUDIA VERDE REDONDA TROZOS PF ;20240808;10;72;0;   ;M;110;64;0;'2220                ;PBL
'384105000261704049;119969           ;POLLO PINCHO MORUNO AMARI CONG;20240409;10;60;0;   ;M;110;525;0;'18773               ;PBL
'384105000261704056;119969           ;POLLO PINCHO MORUNO AMARI CONG;20240411;10;60;0;   ;M;110;525;0;'18784               ;PBL
'384105000261704063;37080            ;POLLO CARCASA CONG            ;20240409;10;60;0;   ;M;110;102;0;'18775               ;PBL
'384105000261704070;37080            ;POLLO CARCASA CONG            ;20240409;10;60;0;   ;M;110;102;0;'18777               ;PBL
'384105000261704087;37080            ;POLLO CARCASA CONG            ;20240411;10;60;0;   ;M;110;102;0;'18788               ;PBL
'384105000261677046;104373           ;BACALAO LOMO C/P TROZO 90-120E;20230820;10;60;0;   ;M;110;526;0;'220322              ;PBL
'000000000004721598;5916             ;ATUN RODAJA S/PIEL S/ESP CONG ;20240505;10;108;0;   ;M;110;394;0;'060922              ;PAZ
'000000000004723639;79976            ;BACALAO FILETE C/P +1000G CONG;20240425;10;21;0;   ;M;110;94;0;'22115               ;PBL
'384105000261679897;79976            ;BACALAO FILETE C/P +1000G CONG;20240425;10;60;0;   ;M;110;94;0;'22115               ;PBL
'384105000261677060;82168            ;CERDO MAGRO TACO GUISAR ELABOR;20240901;10;69;0;   ;M;110;96;0;'13322               ;PBL
'384105000261677077;38020            ;SALCHICHA CERDO 30G CONG*     ;20240930;10;39;3;   ;M;110;59;0;'64372               ;PBL
'384105000261679989;8294             ;CERDO CINTA LOMO FILETE 60G C ;20240325;10;7;1;   ;M;110;314;0;'64499               ;PBL
'384105000261704094;164723           ;MERLUZA FILETE C/P S/E 60-120G;20240531;10;90;0;   ;M;110;549;0;'9D2219              ;PBL
'384105000261704100;164723           ;MERLUZA FILETE C/P S/E 60-120G;20240531;10;90;0;   ;M;110;549;0;'9D2219              ;PBL
'384105000261704117;34216            ;MERLUZA FILETE C/P 120-170GCON;20240531;10;90;0;   ;M;110;278;0;'9D2220              ;PBL
'384105000261704124;34216            ;MERLUZA FILETE C/P 120-170GCON;20240531;10;90;0;   ;M;110;278;0;'9D2220              ;PBL
'384105000261700867;90921            ;HUEVO COCIDO M CUBO GRANDE*   ;20221128;40;55;0;   ;E;3;4;1;'486                 ;PBL
'384105000261700874;32783            ;HUEVO CLARA LIQUIDA 1L*       ;20221203;40;119;0;   ;E;3;15;0;'K67784              ;PBL
'384105000261700881;32812            ;HUEVO LIQUIDO 1L*             ;20221216;10;70;0;   ;E;3;4;0;'B14278              ;PBL
'384105000261630652;84041            ;POLLO CONTRAMUSLO FILETE 90G C;20231231;10;65;2;   ;M;110;128;0;'1 422               ;PBL
'384105000261700898;32812            ;HUEVO LIQUIDO 1L*             ;20221216;40;84;0;   ;E;3;16;1;'B14278              ;PBL
'384105000261700904;32812            ;HUEVO LIQUIDO 1L*             ;20221216;40;74;0;   ;E;3;12;1;'B14278              ;PBL
'384105000261658427;138461           ;F. RAPE S/P PBO 100/150G IQF 5;20231231;10;117;0;   ;M;110;340;0;'B21004882           ;PBL
'384105000261658434;138461           ;F. RAPE S/P PBO 100/150G IQF 5;20240331;10;9;0;   ;M;110;340;0;'B22005031           ;PBL
'384105000261658441;166328           ;POTA TUBO LIMPIO CONG         ;20240630;10;80;0;   ;M;110;335;0;'B22005197           ;PBL
'384105000261658458;68221            ;F. HALIBUT S/P PBO 200/400G IQ;20231031;10;41;9;   ;M;110;336;0;'B21004692           ;PBL
'384105000261666651;34800            ;NARANJA MESA 5/6 UN/KG*       ;20221109;40;29;0;DES;K;0;0;0;'0022363             ;PBL
'384105000261677091;37565            ;QUESO EDAM BARRA KG*          ;20220921;40;44;0;COR;E;4;8;1;'751368              ;PBL
'384105000261646400;138461           ;F. RAPE S/P PBO 100/150G IQF 5;20231031;10;98;3;   ;M;110;340;0;'109                 ;PBL
'384105000261646417;138461           ;F. RAPE S/P PBO 100/150G IQF 5;20231031;10;108;0;   ;M;110;340;0;'109                 ;PBL
'384105000261704131;165718           ;MERLUZA FILETE S/P S/E 30-60G ;20240331;10;60;0;   ;M;110;341;0;'1M2202              ;PBL
'384105000261704148;165718           ;MERLUZA FILETE S/P S/E 30-60G ;20240331;10;12;0;   ;M;110;341;0;'1M2202              ;PBL
'384105000261679040;164723           ;MERLUZA FILETE C/P S/E 60-120G;20240228;10;61;0;   ;M;110;549;0;'2201                ;PBL
'384105000261595197;32420            ;HALIBUT/FLETAN FILETE S/P 400-;20230912;10;1;0;   ;M;110;457;0;'064                 ;PAZ
'384105000261599904;5724             ;TERNERA TACO GUISAR EXTRA CONG;20240321;10;39;0;   ;M;110;205;0;'22111014            ;PAZ
'384105000261599911;5724             ;TERNERA TACO GUISAR EXTRA CONG;20240321;10;64;0;   ;M;110;205;0;'22111015            ;PAZ
'384105000261546076;34302            ;VARITAS DE MERLUZA EMPANADAS C;20230731;10;14;7;   ;M;110;38;0;'72059002            ;PBL
'384105000261708368;105362           ;HAMBURGUESA MIXTA EXTRA 80-90G;20240307;10;2;2;   ;M;110;395;0;'070922              ;PAZ
'384105000261708375;10982            ;TARTA TIRAMISU 1,8KG CONG     ;20230705;10;7;7;   ;M;110;436;0;'18722               ;PAZ
'384105000261708382;152488           ;CANELONES ESPINACAS/PIÑONES UD;20230401;10;1;1;   ;M;110;501;0;'010610              ;PAZ
'384105000261708399;152855           ;ALBONDIGA POLLO MIXTA 25G CONG;20231130;10;2;2;   ;M;110;516;0;'150                 ;PBL
'384105000261708405;31218            ;EMPANADILLAS MINI ATUN CONG*  ;20231230;10;4;4;   ;M;110;453;0;'72186               ;PAZ
'384105000261708412;31774            ;FLAMENQUIN JAMON YORK CONG*   ;20240420;10;1;1;   ;M;110;349;0;'2Z1W206             ;PAZ
'384105000261708429;32067            ;GAMBA ARROCERA CONG           ;20240419;10;8;8;   ;M;110;391;0;'KA6765              ;PAZ
'384105000261708436;32088            ;GAMBA COLA PELADA 110-150 UD/K;20240217;10;4;4;   ;M;110;350;0;'22053               ;PAZ
'384105000261656010;82388            ;VERDURAS GUARNICION MEZCLA TRO;20231101;10;37;6;   ;M;110;98;0;'13322               ;PBL
'384105000261656027;31829            ;FOGONERO FILETE S/P 200-400G  ;20240526;10;9;0;   ;M;110;307;0;'2122                ;PBL
'384105000261708443;32094            ;GAMBA COLA PELADA 20-60 UD/KG ;20240313;10;9;9;   ;M;110;351;0;'22146               ;PAZ
'384105000261708450;32636            ;HELADO VASITO NAT/FRESA 100ML ;20240731;10;1;1;   ;M;110;371;0;'2201                ;PAZ
'000000000004741107;33316            ;LECHE FRITA CONG              ;20240920;10;1;1;   ;M;110;27;0;'38322               ;PBL
'384105000261708467;34071            ;MEJILLON CARNE CONG*          ;20240109;10;1;1;   ;M;110;353;0;'3872201100          ;PAZ
'000000000004706748;77229            ;CERDO AGUJA FILETE 90G ELABOR ;20240224;10;58;0;   ;M;110;82;0;'63421               ;PBL
'384105000261708474;34076            ;MEJILLON COCIDO DOBLE CONCHA C;20240530;10;20;20;   ;M;110;386;0;'C40122145C          ;PAZ
'384105000261708481;34076            ;MEJILLON COCIDO DOBLE CONCHA C;20240901;10;5;5;   ;M;110;386;0;'C40122258C          ;PAZ
'384105000261708498;34286            ;MERLUZA RODAJA C/P 90-120G CON;20230619;10;3;3;   ;M;110;354;0;'KA3164              ;PAZ
'384105000261708504;34286            ;MERLUZA RODAJA C/P 90-120G CON;20230619;10;1;1;   ;M;110;354;0;'KA3983              ;PAZ
'384105000261708511;34293            ;MERLUZA RODAJA C/P 130-180G CO;20230619;10;1;1;   ;M;110;397;0;'KA3983              ;PAZ
'000000000004741114;34960            ;NUGGETS DE POLLO CONG*        ;20240228;10;1;1;   ;M;110;39;0;'22242               ;PBL
'384105000261708528;35038            ;PREPARADO PAELLA MARISCO CONG ;20240122;10;1;1;   ;M;110;427;0;'13422               ;PAZ
'384105000261708535;36516            ;PAVO ROTI KG CONG             ;20240323;10;2;2;   ;M;110;387;0;'29092022            ;PAZ
'384105000261708542;36779            ;PIMIENTO PIQUILLO RELLENO BACA;20241007;10;4;4;   ;M;110;399;0;'40522               ;PAZ
'384105000261708559;37006            ;PLANCHA SAN MARCOS 1,8KG  CONG;20231005;10;3;3;   ;M;110;447;0;'27922               ;PAZ
'384105000261708566;37071            ;POLLO ALAS C/PUNTA CONG       ;20240701;10;1;1;   ;M;110;400;0;'5302                ;PAZ
'384105000261708573;37610            ;CABEZAS DE RAPE               ;20240405;10;8;7;   ;M;110;312;0;'34022               ;PBL
'000000000004741121;37745            ;REVUELTO DE GAMBAS Y AJETES CO;20240730;10;3;3;   ;M;110;414;0;'200722              ;PAZ
'384105000261708580;38262            ;SALTEADO VERDURAS CAMPESTRE CO;20241030;10;9;9;   ;M;110;339;0;'2291                ;PAZ
'384105000261708597;38386            ;SARDINA FILETE C/PIEL CONG*   ;20240316;10;1;1;   ;M;110;295;0;'53722               ;PBL
'384105000261708603;4175             ;GAMBA LANGOSTINERA 30-40 UD/KG;20230809;10;3;3;   ;M;110;393;0;'ALB2861041022       ;PAZ
'384105000261708610;5511             ;ALBONDIGAS BACALAO 25G CONG*  ;20240425;10;2;2;   ;M;110;521;0;'221025              ;PAZ
'384105000261708627;5552             ;ALCACHOFA CORTADA REBOZADA CON;20231030;10;1;1;   ;M;110;375;0;'250422              ;PAZ
'384105000261708634;67983            ;SALTEADO VERDURAS GRILL CONG  ;20240930;10;3;3;   ;M;110;363;0;'2250                ;PAZ
'384105000261708641;6864             ;BOQUERON ENTERO EVISCERADO S/C;20240526;10;1;1;   ;M;110;389;0;'B260522             ;PAZ
'384105000261708658;7411             ;CALAMAR ENTERO LIMPIO MEDIANO ;20240125;10;6;6;   ;M;110;405;0;'2A26                ;PAZ
'384105000261708665;74181            ;PATATA GAJO C/PIEL CONGONG*   ;20240319;10;3;3;   ;M;110;249;0;'220791              ;PBL
'384105000261708672;8061             ;CEBOLLA AROS REBOZADOS CONG*  ;20240330;10;2;2;   ;M;110;379;0;'260922              ;PAZ
'384105000261708689;9001             ;CHOCO/SEPIA ENTERA TROZOS CONG;20240417;10;3;3;   ;M;110;408;0;'14222               ;PAZ
'384105000261708696;91682            ;PATATA GAJO SABORES CONGNG*   ;20240608;10;1;1;   ;M;110;248;0;'221602              ;PBL
'384105000261708702;93334            ;SURIMI PALITO ENTERO CONG*    ;20240430;10;2;2;   ;M;110;380;0;'A2105A2D15          ;PAZ
'384105000261708719;94112            ;EMPANADA CARNE UD MEDIANA CONG;20230813;10;1;1;   ;M;110;368;0;'036306130822        ;PAZ
'384105000261708726;94116            ;LASAÑA VEGETAL S/BECHAMEL UD I;20231130;10;2;2;   ;M;110;390;0;'22180               ;PAZ
'384105000261708733;94120            ;PIZZA REDONDA ATUN UD MEDIANA ;20230822;10;1;1;   ;M;110;467;0;'222422              ;PAZ
'000000000004741138;96192            ;LUBINA ENTERA EVISC C/PIEL    ;20240606;10;3;3;   ;M;110;298;0;'09092210296         ;PBL
'000000000004646952;8102             ;CEBOLLA PERLA CONG            ;20231130;10;1;0;   ;M;110;364;0;'251121              ;PAZ
'384105000261708740;31666            ;FIAMBRE LOMO ADOBADO PIEZA ENT;20230112;40;2;0;   ;E;4;15;0;'221014              ;PBL
'384105000261708757;32947            ;CERDO HUESOS JAMON CORTADOS*  ;20230929;40;1;0;   ;E;4;12;1;'220929              ;PBL
'384105000261708764;90726            ;FIAMBRE YORK LONCHAS UD       ;20221209;40;1;0;   ;E;4;10;1;'221020              ;PBL
'384105000261708771;31650            ;FIAMBRE YORK11X11 SANDWICH    ;20230407;40;1;0;   ;E;4;14;0;'221003              ;PBL
'384105000261708788;32954            ;JAMON CURADO SERRANO LCHAS GRA;20230122;40;3;0;   ;E;4;11;1;'221024              ;PBL
'384105000261708795;32898            ;JAMON YORK 1ª PIEZA           ;20230409;40;2;0;   ;E;4;22;1;'221005              ;PBL
'384105000261708818;33957            ;MARGARINA BARRA 1K. MARGARITAº;20230427;40;40;0;   ;E;4;14;1;'230681              ;PBL
'384105000261708825;33967            ;MARG. 3/4 TARRINA 10G. ASTOR  ;20230531;40;48;0;   ;E;4;23;0;'2172                ;PBL
'384105000261693091;93522            ;TORTILLA FRANCESA UD 75G CONG*;20240407;10;21;12;   ;M;110;171;0;'2280                ;PBL
'000000000004732525;94030            ;TORTILLA FRANCESA UD 85G CONG ;20240407;10;42;2;   ;M;110;184;0;'2280                ;PBL
'384105000261693114;93975            ;CANELONES CARNE UNIDADES CONG*;20240228;10;162;0;   ;M;110;183;0;'22266007            ;PBL
'384105000261693121;7100             ;BUÑUELOS BACALAO CONG*        ;20240331;10;57;3;   ;M;110;376;0;'32277               ;PAZ
'384105000261693138;94115            ;LASAÑA CARNE S/BECHAMEL UD IND;20240228;10;104;0;   ;M;110;185;0;'22248               ;PBL
'384105000261693145;7100             ;BUÑUELOS BACALAO CONG*        ;20240331;10;81;0;   ;M;110;376;0;'32277               ;PAZ
'384105000261693152;30772            ;CROQUETA CASERA BACALAO CONG* ;20240328;10;117;0;   ;M;110;4;0;'21007               ;PBL
'384105000261693169;37090            ;POLLO CONTRAMUSLO S/HUESO CONG;20240228;10;41;1;   ;M;110;52;0;'3469                ;PBL
'384105000261708832;33872            ;MANTEQUILLA PASTILLA 1KG*     ;20230303;40;20;0;   ;E;4;19;0;'2224740             ;PBL
'384105000261708849;4398             ;QUESO SANDW ESCALONADA KG     ;20221216;40;24;0;   ;E;4;21;1;'28805290            ;PBL
'384105000261708856;63186            ;PREP. QUESO RALLADO TIRAS KG  ;20230116;40;112;0;   ;E;4;11;0;'28794291            ;PBL
'384105000261708948;14782            ;PATATA C.DADO BOLSA 4GAMA     ;20221106;10;4;0;   ;E;2;15;0;'301/2022            ;PBL
'384105000261708955;14784            ;PATATA C.PANADERA BOLSA 4GAMA ;20221106;10;2;0;   ;E;2;14;0;'301/2022            ;PBL
'384105000261708979;36308            ;PATATA C.BRAVA BOLSA 4GAMA    ;20221107;10;26;0;   ;E;2;13;0;'301/2022            ;PBL
'384105000261708993;36790            ;PIMIENTO ROJO G               ;20230101;40;5;0;   ;E;1;1;1;'4401                ;PBL
'384105000261709006;6392             ;BERENJENA 1ª                  ;20230101;40;13;0;   ;E;2;11;0;'4401                ;PBL
'384105000261709013;7365             ;CALABAZIN 1ª                  ;20230101;10;16;0;   ;E;2;12;0;'4401                ;PBL
'384105000261709020;36814            ;PIMIENTO VERDE G              ;20230101;40;5;0;   ;E;1;2;1;'4401                ;PBL
'384105000261709044;89197            ;ENSALADA MEZCLUM BOLSA PEQUEÑA;20221105;40;6;0;   ;E;4;25;1;'3122301             ;PBL
'384105000261709051;33332            ;LECH ICEB.C.FINO BOLSA 1 KILO ;20221105;40;6;0;   ;E;4;25;0;'3032299             ;PBL
'384105000261709068;89216            ;LECH ICEBERG CORTE GRUESO 4ª G;20221105;10;17;0;   ;E;3;3;0;'3032299             ;PBL
'384105000261709075;63186            ;PREP. QUESO RALLADO TIRAS KG  ;20230116;40;8;0;   ;E;4;11;0;'28794291            ;PBL
'384105000261709143;65492            ;POLLO CTO. TRASERO 250-325 GR ;20221108;40;3;0;   ;E;5;7;2;'0432                ;PBL
'384105000261709150;31682            ;FIAMBRE YORK LONCHAS UD GRANDE;20221128;40;2;0;   ;E;4;15;1;'175303              ;PBL
'384105000261709167;36476            ;PECHUGA COCIDA PAVO PIEZA ENTE;20230409;40;2;0;   ;E;4;19;1;'101801              ;PBL
'384105000261709174;90668            ;JAMON YORK LONCHAS UD GRANDE* ;20221128;40;1;0;   ;E;4;23;1;'38102               ;PBL
'000000000004732532;84035            ;POLLO JAMONCITO 140G IQF CONG ;20240228;10;10;10;   ;M;110;124;0;'5480                ;PBL
'384105000261693176;84035            ;POLLO JAMONCITO 140G IQF CONG ;20240228;10;108;0;   ;M;110;124;0;'5480                ;PBL
'384105000261704582;10670            ;ZANAHORIA DADO PF CONG        ;20240630;10;26;26;   ;M;110;2;0;'2181                ;PBL
'384105000261704599;33775            ;MAIZ GRANO DULCE PF CONG*     ;20240605;10;77;19;   ;M;110;29;0;'2156                ;PBL
'384105000261704605;34159            ;MENESTRA IMPERIAL PF CONG     ;20240921;10;72;0;   ;M;110;32;0;'2264                ;PBL
'384105000261704612;37326            ;PUERRO RODAJA PF CONG         ;20241007;10;56;0;   ;M;110;57;0;'2280                ;PBL
'384105000261709181;165375           ;HAMBURGUESA SALMON Y CALABAZ 8;20240419;10;126;0;   ;M;110;551;0;'42224               ;PBL
'384105000261704629;5257             ;ACELGA HOJA PORCIONES PF CONG*;20241004;10;64;0;   ;M;110;22;0;'2277                ;PBL
'000000000004738879;5555             ;ALCACHOFA TROZOS CONG         ;20241005;10;64;0;   ;M;110;306;0;'2278                ;PBL
'384105000261704636;7019             ;BROCOLI TROZOS PF CONG*       ;20241013;10;36;36;   ;M;110;218;0;'2286                ;PBL
'384105000261704643;7019             ;BROCOLI TROZOS PF CONG*       ;20241014;10;40;16;   ;M;110;218;0;'2287                ;PBL
'384105000261704650;7019             ;BROCOLI TROZOS PF CONG*       ;20241014;10;40;0;   ;M;110;218;0;'2287                ;PBL
'384105000261704667;7019             ;BROCOLI TROZOS PF CONG*       ;20241024;10;40;0;   ;M;110;218;0;'2297                ;PBL
'384105000261704674;7019             ;BROCOLI TROZOS PF CONG*       ;20241024;10;40;0;   ;M;110;218;0;'2297                ;PBL
'384105000261704681;7019             ;BROCOLI TROZOS PF CONG*       ;20241024;10;40;0;   ;M;110;218;0;'2297                ;PBL
'000000000004738886;7019             ;BROCOLI TROZOS PF CONG*       ;20241024;10;40;0;   ;M;110;218;0;'2297                ;PBL
'384105000261704698;7019             ;BROCOLI TROZOS PF CONG*       ;20241024;10;40;0;   ;M;110;218;0;'2297                ;PBL
'384105000261704704;7019             ;BROCOLI TROZOS PF CONG*       ;20241024;10;40;0;   ;M;110;218;0;'2297                ;PBL
'384105000261704711;7019             ;BROCOLI TROZOS PF CONG*       ;20241024;10;40;0;   ;M;110;218;0;'2297                ;PBL
'384105000261704728;7019             ;BROCOLI TROZOS PF CONG*       ;20241024;10;40;0;   ;M;110;218;0;'2297                ;PBL
'384105000261704735;7019             ;BROCOLI TROZOS PF CONG*       ;20241024;10;40;0;   ;M;110;218;0;'2297                ;PBL
'384105000261704742;7019             ;BROCOLI TROZOS PF CONG*       ;20241024;10;40;0;   ;M;110;218;0;'2297                ;PBL
'000000000004738893;7373             ;CALABACIN DADO CONG*          ;20240922;10;32;17;   ;M;110;206;0;'2265                ;PBL
'384105000261704759;7373             ;CALABACIN DADO CONG*          ;20240922;10;72;0;   ;M;110;206;0;'2265                ;PBL
'384105000261704766;7373             ;CALABACIN DADO CONG*          ;20240922;10;72;0;   ;M;110;206;0;'2265                ;PBL
'384105000261704773;7373             ;CALABACIN DADO CONG*          ;20240922;10;72;0;   ;M;110;206;0;'2265                ;PBL
'384105000261704780;7373             ;CALABACIN DADO CONG*          ;20240922;10;72;0;   ;M;110;206;0;'2265                ;PBL
'384105000261704797;8848             ;CHAMPIÑON LAMINADO PF CONG    ;20241002;10;64;0;   ;M;110;220;0;'2275                ;PBL
'384105000261704803;9547             ;COLIFLOR TROZOS PF CONG       ;20241011;10;48;0;   ;M;110;222;0;'2284                ;PBL
'384105000261704810;9547             ;COLIFLOR TROZOS PF CONG       ;20241011;10;48;0;   ;M;110;222;0;'2284                ;PBL
'384105000261704827;9547             ;COLIFLOR TROZOS PF CONG       ;20241021;10;48;0;   ;M;110;222;0;'2294                ;PBL
'384105000261709198;167900           ;BACALAO FILETE C/P S/E 85+G IQ;20221231;10;135;10;   ;M;110;337;0;'13-22               ;PBL
'000000000004741572;167900           ;BACALAO FILETE C/P S/E 85+G IQ;20221231;10;135;0;   ;M;110;337;0;'13-22               ;PBL
'384105000261709204;37090            ;POLLO CONTRAMUSLO S/HUESO CONG;20240430;10;96;0;   ;M;110;52;0;'1529                ;PBL
'384105000261709211;6868             ;BOQUERON REBOZADO CONG        ;20241030;10;99;99;   ;M;110;276;0;'054324              ;PBL
'384105000261709228;6868             ;BOQUERON REBOZADO CONG        ;20241031;10;99;41;   ;M;110;276;0;'054324              ;PBL
'384105000261709235;6155             ;BANANA MADURA 8/10 UN/KG      ;20230101;40;1;0;   ;E;1;3;1;'4401                ;PBL
'384105000261709358;93522            ;TORTILLA FRANCESA UD 75G CONG*;20240428;10;88;0;   ;M;110;171;0;'2301                ;PBL
'384105000261709365;93522            ;TORTILLA FRANCESA UD 75G CONG*;20240428;10;88;0;   ;M;110;171;0;'2301                ;PBL
'384105000261709372;94030            ;TORTILLA FRANCESA UD 85G CONG ;20240428;10;88;0;   ;M;110;184;0;'2301                ;PBL
'384105000261709419;8295             ;CERDO CINTA LOMO FILETE 50G*  ;20221107;40;2;0;   ;E;5;14;1;'2243202006          ;PBL
'384105000261709433;61916            ;CERDO PANCETA LONCHAS         ;20221107;40;1;0;   ;E;5;11;1;'2243202016          ;PBL
'384105000261709440;81928            ;QUESO FRESCO DE BURGOS 62,5G  ;20221202;40;36;0;   ;E;5;6;1;'143                 ;PBL
'384105000261673512;67990            ;ATUN ACEITE GIRASOL BOL 1KG   ;20250509;10;53;0;   ;E;3;5;0;'12922               ;PBL
'384105000261627348;158100           ;POLLO MUSLO 220-260G IQF CONG ;20231223;10;47;4;   ;M;110;505;0;'17983               ;PBL
'384105000261704988;167900           ;BACALAO FILETE C/P S/E 85+G IQ;20221031;10;3;0;COR;M;110;337;0;'38-21               ;PBL
'384105000261704995;32947            ;CERDO HUESOS JAMON CORTADOS*  ;20230929;40;1;0;   ;E;4;12;1;'220929              ;PBL
'384105000261705039;33112            ;LACON AHUMADO PIEZA ENTERA    ;20230217;40;5;0;   ;E;4;9;0;'4212                ;PBL
'384105000261705077;33335            ;LECH ICEBERG 550G             ;20221203;10;200;0;   ;E;3;2;0;'2294                ;PBL
'384105000261665166;31825            ;FOGONERO PORCION 80-120G CONG*;20240221;10;60;0;   ;M;110;15;0;'130722              ;PBL
'384105000261705190;37454            ;QUESO FRESCO BURGOS BARRA 1KG ;20221223;10;144;0;   ;E;4;30;0;'2973592322          ;PBL
'384105000261705206;71273            ;QUESO FRESCO BURGOS S/SAL 1KG ;20221223;40;22;0;   ;E;4;24;1;'2972701322          ;PBL
'384105000261090012;154664           ;GEL HIDROALCOHOLICO           ;20230301;40;90;0;   ;E;1;2;2;'01042020A9          ;PBL
'384105000261701406;32947            ;CERDO HUESOS JAMON CORTADOS*  ;20230909;40;2;0;   ;E;4;12;1;'220909              ;PBL
'384105000261701567;10664            ;ZANAHORIA PRIMERA GRANEL KG   ;20221222;10;141;0;   ;E;3;6;0;'1026                ;PBL
'384105000261701659;141155           ;GALLO SAN PEDRO FILETE S/PIEL ;20240131;10;192;0;   ;M;110;544;0;'310122              ;PBL
'384105000261673673;104361           ;CERDO CINTA LOMO ENTERA ELABOR;20240912;10;56;0;   ;M;110;200;0;'64190               ;PBL
'384105000261673680;33538            ;FILETE LOMO CERDO 30 GR. CG.  ;20240317;10;50;1;   ;M;110;317;0;'64208               ;PBL
'384105000261679996;92242            ;TERNERA HUESOS CORTADOS CONG* ;20240322;10;45;3;   ;M;110;466;0;'64360               ;PAZ
'384105000261693862;33904            ;MANZANA GOLDEN 3/4 UN/KG*     ;20221214;10;24;0;   ;E;2;7;0;'00000323            ;PBL
'384105000261403669;37605            ;CALAMAR RABAS REBOZADAS CONG  ;20230331;10;1;0;   ;M;110;58;0;'21023               ;PBL
'384105000261403676;37605            ;CALAMAR RABAS REBOZADAS CONG  ;20230430;10;1;0;   ;M;110;58;0;'31723               ;PBL
'384105000261404154;90973            ;HAMBURGUESA ATUN PREMIUM 4KG  ;20221231;10;2;0;   ;M;110;515;0;'44922               ;PBL
'384105000261639631;4399             ;QUESO MEZCLA CURADO KG        ;20230715;40;7;0;   ;E;4;21;0;'0753665V22          ;PBL
'384105000261639655;37501            ;QUESO OVEJA CURADO KG*        ;20230722;40;9;0;   ;E;4;18;0;'0771637V22          ;PBL
'384105000261709457;39342            ;TOMATE ENSALADA G GRANEL      ;20230101;40;88;0;   ;E;3;16;0;'5176                ;PBL
'384105000261709464;39367            ;TOAMTE MADURO MM GRANELL      ;20230101;40;88;0;   ;E;3;18;0;'5177                ;PBL
'384105000261709471;89269            ;TOMATE CHERRY UNIDAD          ;20230101;40;180;0;   ;E;4;27;1;'4306                ;PBL
'384105000261701802;91358            ;SANDIA NEGRA S/PEPITAS UNIDAD ;20221222;40;28;0;   ;E;3;17;0;'0731872             ;PBL
'384105000261686482;32387            ;GUISANTES PF CONG*            ;20240830;10;47;10;   ;M;110;17;0;'2242                ;PBL
'384105000261686499;33775            ;MAIZ GRANO DULCE PF CONG*     ;20240821;10;44;0;   ;M;110;29;0;'2233                ;PBL
'384105000261686505;5257             ;ACELGA HOJA PORCIONES PF CONG*;20240927;10;38;17;   ;M;110;22;0;'2210                ;PBL
'000000000004729006;5257             ;ACELGA HOJA PORCIONES PF CONG*;20240927;10;64;0;   ;M;110;22;0;'2210                ;PBL
'384105000261686512;5555             ;ALCACHOFA TROZOS CONG         ;20240912;10;50;21;   ;M;110;306;0;'2255                ;PBL
'384105000261686529;5555             ;ALCACHOFA TROZOS CONG         ;20240912;10;64;0;   ;M;110;306;0;'2255                ;PBL
'000000000004729013;57916            ;ENSALADILLA COMUN PF CONG*    ;20240920;10;32;10;   ;M;110;66;0;'2263                ;PBL
'384105000261686567;57916            ;ENSALADILLA COMUN PF CONG*    ;20240920;10;72;0;   ;M;110;66;0;'2263                ;PBL
'384105000261686574;57916            ;ENSALADILLA COMUN PF CONG*    ;20240920;10;72;0;   ;M;110;66;0;'2263                ;PBL
'384105000261686581;57916            ;ENSALADILLA COMUN PF CONG*    ;20240920;10;72;0;   ;M;110;66;0;'2263                ;PBL
'384105000261686598;57916            ;ENSALADILLA COMUN PF CONG*    ;20240920;10;72;0;   ;M;110;66;0;'2263                ;PBL
'384105000261686604;57917            ;ENSALADA DE ARROZ UD GRANDE CO;20240826;10;47;1;   ;M;110;67;0;'2238                ;PBL
'000000000004729020;7373             ;CALABACIN DADO CONG*          ;20240930;10;27;0;   ;M;110;206;0;'2273                ;PBL
'384105000261686628;7373             ;CALABACIN DADO CONG*          ;20240930;10;72;0;   ;M;110;206;0;'2273                ;PBL
'384105000261686635;77369            ;ESPINACA HOJA PORCIONES PF CON;20240930;10;64;0;   ;M;110;90;0;'2273                ;PBL
'384105000261686642;8848             ;CHAMPIÑON LAMINADO PF CONG    ;20240808;10;38;25;   ;M;110;220;0;'2220                ;PBL
'384105000261686659;8848             ;CHAMPIÑON LAMINADO PF CONG    ;20240808;10;64;0;   ;M;110;220;0;'2220                ;PBL
'384105000261686703;9547             ;COLIFLOR TROZOS PF CONG       ;20240923;10;43;43;   ;M;110;222;0;'2266                ;PBL
'384105000261701819;84037            ;POLLO CONTRAMUSLO FILETE IQF 9;20231130;10;29;5;   ;M;110;126;0;'5389                ;PBL
'384105000261705428;8371             ;CERDO JAMON ENTERO DESHUESADO*;20221026;40;3;0;COR;K;0;0;0;'2242202027          ;PBL
'384105000261705558;36579            ;PERA CONFERENCIA 8/+ UN/KG*   ;20221227;40;69;0;   ;E;3;11;0;'00000325            ;PBL
'384105000261705565;36582            ;PERA CONFERENCIA 6/7 UN/KG*   ;20221227;40;19;0;   ;E;3;12;0;'00000349            ;PBL
'384105000261705572;36581            ;PERA CONFERENCIA 4/5 UN/KG    ;20221227;40;51;0;   ;E;1;7;1;'00000352            ;PBL
'384105000261418960;38283            ;SANDIA NEGRA UNIDAD KG*       ;20211205;50;1;0;DES;K;0;0;0;'12900300187280      ;PBL
'384105000261696924;9605             ;CONEJO ENTERO TROCEADO* VACIO ;20221028;40;1;0;COR;K;0;0;0;'9122                ;PBL
'384105000261422110;38283            ;SANDIA NEGRA UNIDAD KG*       ;20211208;50;2;0;DES;K;0;0;0;'24900400176269      ;PBL
'384105000261705619;58471            ;BACON PREFORMADO PIEZA ENTERA*;20230217;40;2;0;   ;E;4;9;1;'24001               ;PBL
'384105000261705626;31662            ;FIAMB YORK 11X11 MAGRO PIE ENT;20230410;40;2;0;   ;E;4;13;0;'176502              ;PBL
'384105000261697242;36855            ;PIÑA TROPICAL UNIDAD KG*.     ;20221219;10;1;0;BCA;E;2;3;0;'0022421             ;PBL
'000000000004739395;34215            ;MERLUZA FILETE C/P 170-220GCON;20240701;10;187;22;   ;M;110;282;0;'010722              ;PBL
'384105000261705664;34215            ;MERLUZA FILETE C/P 170-220GCON;20240701;10;192;0;   ;M;110;282;0;'010722              ;PBL
'384105000261603809;5005             ;ABADEJO FILETE S/P 80-120G CON;20230930;10;51;0;   ;M;110;530;0;'B21004517           ;PBL
'384105000261705671;73908            ;CERDO CODILLO MITADES         ;20240910;10;84;5;   ;M;110;275;0;'22284025            ;PBL
'384105000261705688;30937            ;DELICIAS DE QUESO CONG        ;20231130;10;3;0;   ;M;110;384;0;'30522               ;PAZ
'384105000261705695;32093            ;GAMBA COLA PELADA 60-110 UD/KG;20240217;10;1;0;   ;M;110;347;0;'22053               ;PAZ
'384105000261705701;7411             ;CALAMAR ENTERO LIMPIO MEDIANO ;20240125;10;1;1;   ;M;110;405;0;'2A26                ;PAZ
'384105000261705718;9000             ;CHOCO/SEPIA ENTERA LIMPIA PEQU;20230414;10;2;1;   ;M;110;431;0;'ID15                ;PAZ
'384105000261619404;91358            ;SANDIA NEGRA S/PEPITAS UNIDAD ;20220828;10;2;0;   ;X;0;0;0;'0657958             ;PBL
'384105000261656485;36817            ;PIMIENTO VERDE DADO CONG*     ;20240810;10;15;12;   ;M;110;51;0;'2222                ;PBL
'384105000261656560;77369            ;ESPINACA HOJA PORCIONES PF CON;20240728;10;33;0;   ;M;110;90;0;'2209                ;PBL
'384105000261619480;158110           ;POLLO JAMONCITO 90G IQF CONG  ;20230930;10;24;2;   ;M;110;509;0;'5333                ;PBL
'384105000261619510;84036            ;POLLO CUARTO TRASERO 250-325G ;20231231;10;71;5;   ;M;110;125;0;'4400                ;PBL
'384105000261697358;37613            ;COLA RAPE S/PIEL 200-300 5X1KG;20240430;10;106;30;   ;M;110;310;0;'B22005108           ;PBL
'384105000261697365;38164            ;SALMON PORCION 80-120G CONG   ;20240531;10;117;0;   ;M;110;65;0;'B22005176           ;PBL
'384105000261697372;5005             ;ABADEJO FILETE S/P 80-120G CON;20240531;10;126;0;   ;M;110;530;0;'B21004784           ;PBL
'384105000261697402;128704           ;TERNERA ESCALOPIN 60G CONG    ;20231017;10;54;0;   ;M;110;321;0;'22290               ;PBL
'000000000004735076;164828           ;CABALLA/VERDEL FILETE C/P S/E ;20231031;10;107;18;   ;M;110;550;0;'22102               ;PBL
'384105000261697433;93336            ;TORTILLA PATATA C/CEB UD REDON;20240410;10;91;46;   ;M;110;26;0;'100424              ;PBL
'384105000261697440;34222            ;MERLUZA FILETE EMPANADO CONG  ;20241030;10;107;1;   ;M;110;411;0;'044124              ;PAZ
'384105000261697457;71941            ;HAMBURGUESA VEGETAL 80-90G CON;20241005;10;104;29;   ;M;110;420;0;'222795              ;PBL
'384105000261697464;166328           ;POTA TUBO LIMPIO CONG         ;20240630;10;102;0;   ;M;110;335;0;'B22005197           ;PBL
'384105000261697471;166328           ;POTA TUBO LIMPIO CONG         ;20240630;10;24;0;   ;M;110;335;0;'B22005197           ;PBL
'000000000004735083;64688            ;TILAPIA FILETE S/P 140-200G CO;20240630;10;126;0;   ;M;110;73;0;'B22005256           ;PBL
'384105000261562625;93328            ;CANELONES ATUN UNIDADES CONG* ;20230930;10;50;0;   ;M;110;357;0;'22096               ;PAZ
'384105000261523046;36331            ;PATATA JULIANA 6X6 CONG*      ;20230731;10;34;5;   ;M;110;251;0;'1004147370          ;PBL
'384105000261523053;36331            ;PATATA JULIANA 6X6 CONG*      ;20230731;10;54;0;   ;M;110;251;0;'1004147370          ;PBL
'384105000261697488;158101           ;POLLO CONTRAMUSLO FILETE 150G ;20240430;10;108;0;   ;M;110;519;0;'4519                ;PBL
'384105000261450465;94577            ;VIEIRA GRATINADA MEDIA CONCHA ;20230828;10;2;0;   ;M;110;514;0;'10909               ;PAZ
'384105000261649579;144802           ;HEURA CONG                    ;20230628;10;41;0;   ;M;110;214;0;'9001093985522       ;PBL
'384105000261659219;93331            ;ROLLITO PRIMAVERA CONG*       ;20240225;10;54;4;   ;M;110;366;0;'0175422022082546    ;PAZ
'384105000261697518;31666            ;FIAMBRE LOMO ADOBADO PIEZA ENT;20230103;40;3;0;   ;E;4;15;0;'221005              ;PBL
'384105000261535551;163416           ;BACALAO LOMO C/P TROZO 225-275;20230709;10;60;0;   ;M;110;528;0;'050122              ;PBL
'384105000261669195;31216            ;EMPANADILLAS ATUN CONG*       ;20240303;10;107;1;   ;M;110;13;0;'0067202022090115    ;PBL
'384105000261470944;74371            ;BACALAO FILETE EMPANADO CONG  ;20230513;10;10;10;   ;M;110;23;0;'45215               ;PBL
'384105000261684662;93331            ;ROLLITO PRIMAVERA CONG*       ;20240309;10;45;0;   ;M;110;366;0;'0175422022090746    ;PAZ
'384105000261684679;93331            ;ROLLITO PRIMAVERA CONG*       ;20240318;10;90;0;   ;M;110;366;0;'0175422022091646    ;PAZ
'384105000261659226;138335           ;JUREL FILETE S/PIEL 30-80G    ;20231231;10;8;0;   ;M;110;43;0;'2224870806          ;PBL
'384105000261659233;138335           ;JUREL FILETE S/PIEL 30-80G    ;20231231;10;87;0;   ;M;110;43;0;'2225070906          ;PBL
'384105000261632021;7253             ;CAELLA TAQUITO 100%           ;20240228;10;96;0;   ;M;110;261;0;'PV202207018         ;PBL
'384105000261612023;33902            ;MANZANA FUJI 5/6 UN/KG        ;20220817;40;11;0;DES;K;0;0;0;'694                 ;PBL
'384105000261517892;66590            ;CORDON BLEU PAVO CONG         ;20230531;10;25;0;   ;M;110;313;0;'21330PO2            ;PBL
'384105000261678432;64688            ;TILAPIA FILETE S/P 140-200G CO;20240630;10;38;9;   ;M;110;73;0;'B22005256           ;PBL
'384105000261678449;75549            ;ABADEJO FILETE S/P 120-170G   ;20240630;10;62;5;   ;M;110;302;0;'B22005155           ;PBL
'384105000261705770;32093            ;GAMBA COLA PELADA 60-110 UD/KG;20240217;10;2;0;   ;M;110;347;0;'22053               ;PAZ
'384105000261470982;92840            ;ALBONDIGA MIXTA MINI CONG     ;20230718;10;5;5;   ;M;110;495;0;'21229009            ;PBL
'384105000261669669;158103           ;POLLO PECHUGA FILETE 160G IQF ;20240228;10;29;4;   ;M;110;522;0;'5470                ;PBL
'384105000261694319;90921            ;HUEVO COCIDO M CUBO GRANDE*   ;20221128;10;7;0;   ;E;3;8;0;'486                 ;PBL
'384105000261706036;6392             ;BERENJENA 1ª                  ;20221227;40;1;0;BCA;E;2;11;0;'4303                ;PBL
'384105000261706173;31684            ;FIAMBRE PECHUGA PAVO PIEZA ENT;20230118;40;7;0;   ;E;5;1;2;'2229300445          ;PBL
'384105000261706296;63186            ;PREP. QUESO RALLADO TIRAS KG  ;20230116;40;97;0;   ;E;4;26;0;'28794291            ;PBL
'384105000261706302;4398             ;QUESO SANDW ESCALONADA KG     ;20221211;40;32;0;   ;E;4;21;1;'28805285            ;PBL
'384105000261706333;33335            ;LECH ICEBERG 550G             ;20221204;10;100;0;   ;E;3;2;0;'2297                ;PBL
'384105000261673970;30772            ;CROQUETA CASERA BACALAO CONG* ;20240128;10;12;0;   ;M;110;4;0;'20825               ;PBL
'384105000261673987;38278            ;SAN JACOBO JAMON YORK CONG*   ;20240228;10;61;2;   ;M;110;402;0;'20914               ;PAZ
'000000000004722779;164723           ;MERLUZA FILETE C/P S/E 60-120G;20240228;10;55;48;   ;M;110;549;0;'2201                ;PBL
'384105000261643287;37633            ;COLA RAPE S/PIEL 80-150 5X1KG ;20240228;10;18;3;   ;M;110;157;0;'002                 ;PBL
'384105000261643294;37633            ;COLA RAPE S/PIEL 80-150 5X1KG ;20240228;10;108;0;   ;M;110;157;0;'002                 ;PBL
'384105000261643300;62080            ;COLA RAPE S/PIEL 300-500 1X5KG;20240228;10;26;6;   ;M;110;500;0;'003                 ;PBL
'384105000261643317;62080            ;COLA RAPE S/PIEL 300-500 1X5KG;20240228;10;90;0;   ;M;110;500;0;'003                 ;PBL
'384105000261643324;62080            ;COLA RAPE S/PIEL 300-500 1X5KG;20240228;10;90;0;   ;M;110;500;0;'003                 ;PBL
'384105000261643331;62080            ;COLA RAPE S/PIEL 300-500 1X5KG;20240228;10;90;0;   ;M;110;500;0;'003                 ;PBL
'000000000004694069;79975            ;BACALAO FILETE C/P 500/1000G C;20240131;10;40;8;   ;M;110;93;0;'19944               ;PBL
'384105000261643362;79975            ;BACALAO FILETE C/P 500/1000G C;20240131;10;54;0;   ;M;110;93;0;'19944               ;PBL
'384105000261615840;104373           ;BACALAO LOMO C/P TROZO 90-120E;20230820;10;43;0;   ;M;110;526;0;'220322              ;PBL
'000000000004670650;163416           ;BACALAO LOMO C/P TROZO 225-275;20230621;10;34;0;   ;M;110;528;0;'220222              ;PBL
'384105000261615857;163416           ;BACALAO LOMO C/P TROZO 225-275;20230621;10;60;0;   ;M;110;528;0;'220222              ;PBL
'384105000261615864;31825            ;FOGONERO PORCION 80-120G CONG*;20240302;10;7;0;   ;M;110;15;0;'180522              ;PBL
'000000000004729754;34155            ;MENESTRA COMUN PF CONG*       ;20240825;10;50;8;   ;M;110;31;0;'2237                ;PBL
'384105000261687953;34155            ;MENESTRA COMUN PF CONG*       ;20240825;10;72;0;   ;M;110;31;0;'2237                ;PBL
'384105000261687960;34159            ;MENESTRA IMPERIAL PF CONG     ;20240921;10;54;8;   ;M;110;32;0;'2264                ;PBL
'384105000261687977;36793            ;PIMIENTO ROJO DADO CONG*      ;20240923;10;53;16;   ;M;110;50;0;'2266                ;PBL
'384105000261687984;36817            ;PIMIENTO VERDE DADO CONG*     ;20240921;10;72;0;   ;M;110;51;0;'2264                ;PBL
'384105000261688028;57908            ;JUDIA VERDE PLANA TROZOS PF CO;20241002;10;72;0;   ;M;110;63;0;'2275                ;PBL
'384105000261688059;57931            ;VERDURAS DE SOPA PF CONG*     ;20240812;10;19;9;   ;M;110;68;0;'2224                ;PBL
'384105000261688134;8087             ;CEBOLLA DADO PF CONG          ;20240920;10;27;27;   ;M;110;219;0;'2263                ;PBL
'384105000261688141;8087             ;CEBOLLA DADO PF CONG          ;20240920;10;64;51;   ;M;110;219;0;'2263                ;PBL
'384105000261688158;8087             ;CEBOLLA DADO PF CONG          ;20240920;10;64;0;   ;M;110;219;0;'2263                ;PBL
'384105000261688165;8087             ;CEBOLLA DADO PF CONG          ;20240920;10;64;0;   ;M;110;219;0;'2263                ;PBL
'384105000261688172;8087             ;CEBOLLA DADO PF CONG          ;20240920;10;64;0;   ;M;110;219;0;'2263                ;PBL
'384105000261691554;34800            ;NARANJA MESA 5/6 UN/KG*       ;20221211;40;38;0;BCA;K;0;0;0;'2241119             ;PBL
'384105000261691561;82389            ;SALTEADO VERDURAS GUARNICION C;20250129;10;81;2;   ;M;110;99;0;'22213               ;PBL
'384105000261691578;30789            ;CROQUETA ARTESANA JAMON SERRAN;20240328;10;77;0;   ;M;110;8;0;'21007               ;PBL
'384105000261691585;93336            ;TORTILLA PATATA C/CEB UD REDON;20240406;10;23;23;   ;M;110;26;0;'060424              ;PBL
'384105000261691608;6868             ;BOQUERON REBOZADO CONG        ;20241030;10;3;3;   ;M;110;276;0;'024024              ;PBL
'384105000261691615;165375           ;HAMBURGUESA SALMON Y CALABAZ 8;20240322;10;32;1;   ;M;110;551;0;'38224               ;PBL
'384105000261691622;93690            ;TORTILLA PATATAS C/ESPIN UD RE;20240310;10;42;14;   ;M;110;172;0;'100324              ;PBL
'000000000004731610;94664            ;HAMB TERNERA 80-90G S/GL S/LAC;20240617;10;80;0;   ;M;110;11;0;'22199010            ;PBL
'384105000261691639;94664            ;HAMB TERNERA 80-90G S/GL S/LAC;20240617;10;70;0;   ;M;110;11;0;'22199023            ;PBL
'384105000261691646;7248             ;FILETE CAELLA 90/110          ;20240502;10;5;4;   ;M;110;262;0;'SWTERNT9T10-22P1Y   ;PBL
'384105000261650346;38157            ;SALMON PORCION 120-160G CONG  ;20240430;10;11;2;   ;M;110;61;0;'B21004783           ;PBL
'384105000261650353;38157            ;SALMON PORCION 120-160G CONG  ;20240430;10;60;0;   ;M;110;61;0;'B21004783           ;PBL
'384105000261650360;38157            ;SALMON PORCION 120-160G CONG  ;20240430;10;6;0;   ;M;110;61;0;'B21004783           ;PBL
'384105000261580469;37187            ;POLLO PECHUGA ENTERA S/HUESO C;20220629;10;18;0;COR;M;110;524;0;'6430                ;PBL
'384105000261706555;34134            ;MELON PIEL SAPO PRIMERA UNIDAD;20221228;40;36;0;   ;E;1;5;1;'4304                ;PBL
'384105000261706593;168761           ;PREP. QUESO CHEDDAR BARRA KG  ;20230327;40;3;0;   ;E;4;18;1;'2713200022          ;PBL
'384105000261706609;168762           ;PREP. QUESO GOUDA BARRA KG    ;20230322;40;3;0;   ;E;5;7;4;'2665610022          ;PBL
'384105000261706616;37454            ;QUESO FRESCO BURGOS BARRA 1KG ;20221225;10;192;0;   ;E;4;30;0;'2993591322          ;PBL
'384105000261706623;71273            ;QUESO FRESCO BURGOS S/SAL 1KG ;20221223;40;16;0;   ;E;4;24;1;'297270322           ;PBL
'384105000261620325;94910            ;TORTILLA PATATA C/CEB S/SAL UD;20231220;10;71;9;   ;M;110;194;0;'201223              ;PBL
'384105000261706630;34800            ;NARANJA MESA 5/6 UN/KG*       ;20221228;10;66;0;   ;E;2;6;0;'2243310             ;PBL
'384105000261706647;34800            ;NARANJA MESA 5/6 UN/KG*       ;20221228;10;14;0;   ;E;2;6;0;'2243310             ;PBL
'384105000261706654;33796            ;MANDARINA 10/12 UN/KG*        ;20221228;40;2;0;   ;E;1;7;2;'0742852             ;PBL
'384105000261706661;33796            ;MANDARINA 10/12 UN/KG*        ;20221228;40;16;0;   ;E;1;7;2;'0742852             ;PBL
'384105000261706678;33805            ;MANDARINA 7/8 UN/KG*          ;20221228;40;52;0;   ;E;1;6;2;'0740229             ;PBL
'384105000261706685;33805            ;MANDARINA 7/8 UN/KG*          ;20221228;40;8;0;   ;E;1;6;2;'0740229             ;PBL
'384105000261706692;7706             ;CAQUI GRANEL KG               ;20221226;40;31;0;   ;E;1;5;2;'0742357             ;PBL
'384105000261706821;90767            ;HUEVO COCIDO M CUBO MEDIANO*  ;20221211;40;100;0;   ;E;3;7;1;'495                 ;PBL
'384105000261706838;90921            ;HUEVO COCIDO M CUBO GRANDE*   ;20221213;40;55;0;   ;E;3;8;2;'496                 ;PBL
'384105000261706845;32783            ;HUEVO CLARA LIQUIDA 1L*       ;20221211;40;240;0;   ;E;3;14;0;'K68038              ;PBL
'384105000261706852;32812            ;HUEVO LIQUIDO 1L*             ;20221221;40;64;0;   ;E;3;9;1;'B14611              ;PBL
'384105000261706869;61503            ;CROQUETA ARTESANA COCIDO CONG ;20240328;10;113;2;   ;M;110;287;0;'21018               ;PBL
'384105000261706876;158102           ;POLLO CUARTO TRASERO 325-400G ;20240430;10;101;0;   ;M;110;506;0;'4528                ;PBL
'384105000261698072;33319            ;LECHE SEMIDESNATADA BRICK 1L* ;20230211;40;72;0;   ;S;3;19;5;'2228408             ;PBL
'384105000261698089;33319            ;LECHE SEMIDESNATADA BRICK 1L* ;20230211;40;72;0;   ;S;3;27;4;'2228408             ;PBL
'384105000261706883;158102           ;POLLO CUARTO TRASERO 325-400G ;20240430;10;7;0;   ;M;110;506;0;'4529                ;PBL
'384105000261698096;33319            ;LECHE SEMIDESNATADA BRICK 1L* ;20230211;40;72;0;   ;S;3;28;2;'2228408             ;PBL
'384105000261698102;33319            ;LECHE SEMIDESNATADA BRICK 1L* ;20230211;40;72;0;   ;S;3;25;2;'2228408             ;PBL
'384105000261698119;33319            ;LECHE SEMIDESNATADA BRICK 1L* ;20230211;40;72;0;   ;S;3;19;4;'2228408             ;PBL
'384105000261698126;33319            ;LECHE SEMIDESNATADA BRICK 1L* ;20230211;40;72;0;   ;S;3;24;2;'2228408             ;PBL
'384105000261698133;33319            ;LECHE SEMIDESNATADA BRICK 1L* ;20230211;40;72;0;   ;S;3;9;6;'2228408             ;PBL
'384105000261698140;33319            ;LECHE SEMIDESNATADA BRICK 1L* ;20230211;40;72;0;   ;S;3;8;6;'2228408             ;PBL
'384105000261698157;33319            ;LECHE SEMIDESNATADA BRICK 1L* ;20230211;40;72;0;   ;S;3;13;5;'2228408             ;PBL
'384105000261698164;33319            ;LECHE SEMIDESNATADA BRICK 1L* ;20230211;40;72;0;   ;S;3;10;5;'2228408             ;PBL
'384105000261698171;33319            ;LECHE SEMIDESNATADA BRICK 1L* ;20230211;40;72;0;   ;S;3;9;4;'2228408             ;PBL
'384105000261698188;33319            ;LECHE SEMIDESNATADA BRICK 1L* ;20230211;40;72;0;   ;S;3;10;3;'2228408             ;PBL
'384105000261698195;33319            ;LECHE SEMIDESNATADA BRICK 1L* ;20230211;40;72;0;   ;S;3;8;5;'2228408             ;PBL
'384105000261698201;33319            ;LECHE SEMIDESNATADA BRICK 1L* ;20230211;40;72;0;   ;S;3;6;5;'2228408             ;PBL
'384105000261698218;33319            ;LECHE SEMIDESNATADA BRICK 1L* ;20230211;40;72;0;   ;S;3;20;3;'2228408             ;PBL
'384105000261698225;33319            ;LECHE SEMIDESNATADA BRICK 1L* ;20230211;40;72;0;   ;S;3;13;1;'2228408             ;PBL
'384105000261698232;33319            ;LECHE SEMIDESNATADA BRICK 1L* ;20230211;40;72;0;   ;S;3;5;5;'2228408             ;PBL
'384105000261698249;33319            ;LECHE SEMIDESNATADA BRICK 1L* ;20230211;40;72;0;   ;S;3;10;1;'2228408             ;PBL
'384105000261698256;33319            ;LECHE SEMIDESNATADA BRICK 1L* ;20230211;40;72;0;   ;S;3;6;4;'2228408             ;PBL
'384105000261698263;33319            ;LECHE SEMIDESNATADA BRICK 1L* ;20230211;40;72;0;   ;S;3;6;3;'2228408             ;PBL
'384105000261698270;33319            ;LECHE SEMIDESNATADA BRICK 1L* ;20230211;40;72;0;   ;S;3;5;3;'2228408             ;PBL
'384105000261698287;33319            ;LECHE SEMIDESNATADA BRICK 1L* ;20230211;40;72;0;   ;S;3;7;2;'2228408             ;PBL
'384105000261698294;33319            ;LECHE SEMIDESNATADA BRICK 1L* ;20230211;40;72;0;   ;S;4;14;4;'2228408             ;PBL
'384105000261698300;33319            ;LECHE SEMIDESNATADA BRICK 1L* ;20230211;40;72;0;   ;S;4;13;4;'2228408             ;PBL
'384105000261698317;33319            ;LECHE SEMIDESNATADA BRICK 1L* ;20230211;40;72;0;   ;S;4;15;3;'2228408             ;PBL
'384105000261652685;80059            ;POLLO TACO GUISAR CONG*       ;20240510;10;60;0;   ;M;110;499;0;'17875               ;PBL
'384105000261698492;35048            ;PALETA YORK 1ª PIEZA ENTERA*NT;20230326;40;1;0;   ;E;4;20;1;'220921              ;PBL
'384105000261698560;91771            ;HUEVO FRESCO M (53/63) ESTUCHE;20221110;40;14;0;   ;E;3;10;0;'414080              ;PBL
'384105000261674656;5046             ;ACEITE GIRASOL GAR 5L         ;20240917;10;47;0;   ;E;2;17;0;'L22250A5            ;PBL
'384105000261674663;5046             ;ACEITE GIRASOL GAR 5L         ;20240917;40;60;0;   ;S;6;9;2;'L22250A5            ;PBL
'384105000261674670;5046             ;ACEITE GIRASOL GAR 5L         ;20240917;40;60;0;   ;S;6;40;2;'L22250A5            ;PBL
'384105000261674687;5046             ;ACEITE GIRASOL GAR 5L         ;20240917;40;60;0;   ;S;6;44;2;'L22250A5            ;PBL
'384105000261702199;154633           ;BACON TOPPING CONG            ;20240409;10;130;0;   ;M;110;504;0;'004846              ;PBL
'384105000261657390;31825            ;FOGONERO PORCION 80-120G CONG*;20240221;10;22;0;   ;M;110;15;0;'280722              ;PBL
'384105000261657406;5916             ;ATUN RODAJA S/PIEL S/ESP CONG ;20240505;10;28;0;   ;M;110;394;0;'230822              ;PAZ
'384105000261698690;93336            ;TORTILLA PATATA C/CEB UD REDON;20240414;10;91;0;   ;M;110;26;0;'140424              ;PBL
'000000000004735670;93336            ;TORTILLA PATATA C/CEB UD REDON;20240414;10;91;0;   ;M;110;26;0;'140424              ;PBL
'384105000261698706;93521            ;TORTILLA PATATAS C/CALAB UD RE;20240411;10;46;1;   ;M;110;170;0;'110424              ;PBL
'384105000261698713;93690            ;TORTILLA PATATAS C/ESPIN UD RE;20240328;10;91;0;   ;M;110;172;0;'280324              ;PBL
'384105000261698720;84039            ;POLLO CONTRAM FILETE 90G EMPAN;20240110;10;106;5;   ;M;110;127;0;'22200               ;PBL
'384105000261698737;84039            ;POLLO CONTRAM FILETE 90G EMPAN;20240110;10;117;0;   ;M;110;127;0;'22200               ;PBL
'384105000261702205;93522            ;TORTILLA FRANCESA UD 75G CONG*;20240419;10;88;0;   ;M;110;171;0;'2292                ;PBL
'384105000261702212;93522            ;TORTILLA FRANCESA UD 75G CONG*;20240419;10;88;0;   ;M;110;171;0;'2292                ;PBL
'384105000261702229;94030            ;TORTILLA FRANCESA UD 85G CONG ;20240419;10;88;0;   ;M;110;184;0;'2292                ;PBL
'384105000261698782;87997            ;POLLO CUARTO TRASERO 250-325G ;20240331;10;96;0;   ;M;110;152;0;'3513                ;PBL
'384105000261698799;32440            ;BURGER MIX 80-90G S/GLU S/LAC ;20240820;10;150;0;   ;M;110;334;0;'22263003            ;PBL
'384105000261698805;5526             ;ALBONDIGA MXTA 25G S/GLU S/LAC;20240830;10;86;53;   ;M;110;284;0;'22273005            ;PBL
'000000000004735687;5526             ;ALBONDIGA MXTA 25G S/GLU S/LAC;20240830;10;150;0;   ;M;110;284;0;'22273005            ;PBL
'384105000261698812;92840            ;ALBONDIGA MIXTA MINI CONG     ;20240801;10;224;2;   ;M;110;495;0;'22244012            ;PBL
'384105000261698836;10670            ;ZANAHORIA DADO PF CONG        ;20240708;10;31;2;   ;M;110;2;0;'2181                ;PBL
'384105000261698843;10670            ;ZANAHORIA DADO PF CONG        ;20240708;10;72;0;   ;M;110;2;0;'2189                ;PBL
'384105000261698850;10670            ;ZANAHORIA DADO PF CONG        ;20240712;10;72;0;   ;M;110;2;0;'2193                ;PBL
'384105000261698867;31486            ;ESPINACA HOJA BLOQUE PFCONG*  ;20240923;10;80;2;   ;M;110;14;0;'2266                ;PBL
'000000000004735694;32387            ;GUISANTES PF CONG*            ;20241013;10;80;0;   ;M;110;17;0;'2286                ;PBL
'384105000261698874;32387            ;GUISANTES PF CONG*            ;20241013;10;80;0;   ;M;110;17;0;'2286                ;PBL
'384105000261698881;33775            ;MAIZ GRANO DULCE PF CONG*     ;20241007;10;80;0;   ;M;110;29;0;'2280                ;PBL
'384105000261698898;34159            ;MENESTRA IMPERIAL PF CONG     ;20241014;10;72;0;   ;M;110;32;0;'2287                ;PBL
'384105000261698904;37326            ;PUERRO RODAJA PF CONG         ;20241007;10;48;4;   ;M;110;57;0;'2280                ;PBL
'384105000261698911;37326            ;PUERRO RODAJA PF CONG         ;20241007;10;56;0;   ;M;110;57;0;'2280                ;PBL
'384105000261698935;57917            ;ENSALADA DE ARROZ UD GRANDE CO;20240826;10;80;0;   ;M;110;67;0;'2238                ;PBL
'384105000261698942;77369            ;ESPINACA HOJA PORCIONES PF CON;20240613;10;31;11;   ;M;110;90;0;'2164                ;PBL
'384105000261698966;8848             ;CHAMPIÑON LAMINADO PF CONG    ;20241002;10;64;0;   ;M;110;220;0;'2275                ;PBL
'384105000261698973;9537             ;COL BRUSELAS PF CONG          ;20241014;10;72;0;   ;M;110;221;0;'2287                ;PBL
'384105000261698980;9547             ;COLIFLOR TROZOS PF CONG       ;20241011;10;48;6;   ;M;110;222;0;'2284                ;PBL
'384105000261698997;9547             ;COLIFLOR TROZOS PF CONG       ;20241011;10;48;0;   ;M;110;222;0;'2284                ;PBL
'384105000261699000;9547             ;COLIFLOR TROZOS PF CONG       ;20241011;10;48;0;   ;M;110;222;0;'2284                ;PBL
'384105000261699017;9547             ;COLIFLOR TROZOS PF CONG       ;20241011;10;48;0;   ;M;110;222;0;'2284                ;PBL
'384105000261699024;9547             ;COLIFLOR TROZOS PF CONG       ;20241011;10;48;0;   ;M;110;222;0;'2284                ;PBL
'384105000261699031;9547             ;COLIFLOR TROZOS PF CONG       ;20241011;10;48;0;   ;M;110;222;0;'2284                ;PBL
'384105000261699048;95705            ;JUDIA VERDE RDA EXTRAFINA PF C;20241010;10;56;3;   ;M;110;199;0;'2283                ;PBL
'384105000261702366;33872            ;MANTEQUILLA PASTILLA 1KG*     ;20230225;40;20;0;   ;E;4;19;0;'2224140             ;PBL
'384105000261702373;33957            ;MARGARINA BARRA 1K. MARGARITAº;20230427;40;47;0;   ;E;4;14;1;'230681              ;PBL
'384105000261559847;8233             ;CERDO AGUJA FILETE 60G CONG   ;20240103;10;46;1;   ;M;110;315;0;'202201130000        ;PBL
'384105000261699055;37454            ;QUESO FRESCO BURGOS BARRA 1KG ;20221216;10;214;0;   ;E;4;30;0;'2903591322          ;PBL
'384105000261706999;39342            ;TOMATE ENSALADA G GRANEL      ;20221228;40;68;0;   ;E;3;16;0;'4809                ;PBL
'384105000261707002;39367            ;TOAMTE MADURO MM GRANELL      ;20221228;40;65;0;   ;E;3;18;0;'4810                ;PBL
'384105000261707019;39367            ;TOAMTE MADURO MM GRANELL      ;20221228;40;56;0;   ;E;3;18;0;'4810                ;PBL
'384105000261702793;33904            ;MANZANA GOLDEN 3/4 UN/KG*     ;20221225;40;72;0;   ;P;1;42;0;'00000348            ;PBL
'384105000261702809;33906            ;MANZANA GOLDEN 7/8 UN/KG*     ;20221225;10;66;0;   ;E;2;9;0;'00000341            ;PBL
'384105000261702816;33906            ;MANZANA GOLDEN 7/8 UN/KG*     ;20221225;40;78;0;   ;P;1;40;0;'00000339            ;PBL
'384105000261699130;34228            ;MERLUZA FILETE S/P 60-120G    ;20240608;10;40;2;   ;M;110;281;0;'052022              ;PBL
'384105000261702847;34800            ;NARANJA MESA 5/6 UN/KG*       ;20221225;10;38;0;   ;E;2;6;0;'2243111             ;PBL
'384105000261702854;34799            ;NARANJA MESA 3/4 UN/KG*       ;20221225;10;43;0;   ;E;2;2;0;'2243111             ;PBL
'384105000261699147;34228            ;MERLUZA FILETE S/P 60-120G    ;20240608;10;60;0;   ;M;110;281;0;'052022              ;PBL
'384105000261699154;34228            ;MERLUZA FILETE S/P 60-120G    ;20240608;10;60;0;   ;M;110;281;0;'052022              ;PBL
'384105000261702861;36855            ;PIÑA TROPICAL UNIDAD KG*.     ;20221225;10;11;0;   ;E;2;3;0;'0022425             ;PBL
'384105000261702878;36855            ;PIÑA TROPICAL UNIDAD KG*.     ;20221225;10;8;0;   ;E;2;3;0;'0022425             ;PBL
'384105000261702885;37555            ;QUESO MOZZARELLA RALLADA HILO ;20221206;40;44;0;   ;E;4;13;1;'0612                ;PBL
'384105000261702892;37497            ;QUESO MEZCLA SEMICURADO  KG   ;20231003;40;20;0;   ;E;4;10;0;'2202227611          ;PBL
'384105000261702908;37565            ;QUESO EDAM BARRA KG*          ;20230307;40;19;0;   ;E;4;17;0;'22090714044         ;PBL
'000000000004707912;59922            ;F. GALLINETA C/P PBO 120/170G ;20240430;10;13;11;   ;M;110;388;0;'B21004729           ;PAZ
'384105000261702915;72653            ;PATATA BLANCA UNIDAD 15KG*    ;20221218;40;83;0;BCA;K;0;0;0;'22020462001         ;PBL
'000000000004691945;9537             ;COL BRUSELAS PF CONG          ;20240712;10;17;2;   ;M;110;221;0;'2193                ;PBL
'384105000261641597;95705            ;JUDIA VERDE RDA EXTRAFINA PF C;20240716;10;8;8;   ;M;110;199;0;'2197                ;PBL
'384105000261663629;59469            ;TILAPIA FILETE S/P 80-140 CONG;20240731;10;1;1;   ;M;110;69;0;'22005270            ;PBL
'000000000004712367;59469            ;TILAPIA FILETE S/P 80-140 CONG;20240731;10;126;2;   ;M;110;69;0;'22005270            ;PBL
'384105000261500023;141155           ;GALLO SAN PEDRO FILETE S/PIEL ;20230927;10;20;0;   ;M;110;544;0;'270921              ;PBL
'000000000004717355;34216            ;MERLUZA FILETE C/P 120-170GCON;20240531;10;19;4;   ;M;110;278;0;'9D2220              ;PBL
'384105000261670610;34216            ;MERLUZA FILETE C/P 120-170GCON;20240531;10;90;0;   ;M;110;278;0;'9D2218              ;PBL
'384105000261670627;34216            ;MERLUZA FILETE C/P 120-170GCON;20240531;10;90;0;   ;M;110;278;0;'9D2218              ;PBL
'384105000261707033;30779            ;CROQUETA ARTESANA ESPINACA CON;20240228;10;4;0;   ;M;110;498;0;'20921               ;PAZ
'384105000261707040;30797            ;CROQUETA MINI JAMON CONG      ;20240330;10;1;0;   ;M;110;424;0;'22287               ;PAZ
'384105000261707156;37610            ;CABEZAS DE RAPE               ;20240405;10;1;1;   ;M;110;312;0;'34022               ;PBL
'384105000261707361;167900           ;BACALAO FILETE C/P S/E 85+G IQ;20221031;10;53;0;COR;M;110;337;0;'30-21               ;PBL
'384105000261707378;36344            ;PATATA BASTON 9X9 CONG*       ;20240228;10;63;10;   ;M;110;48;0;'B20/09/2022         ;PBL
'384105000261707385;36344            ;PATATA BASTON 9X9 CONG*       ;20240228;10;63;0;   ;M;110;48;0;'B20/09/2022         ;PBL
'384105000261702984;59366            ;JAMON CURADO SERRANO TOPPING  ;20230115;40;39;0;   ;E;4;27;0;'223082              ;PBL
'384105000261702991;59366            ;JAMON CURADO SERRANO TOPPING  ;20230115;40;12;0;   ;E;4;27;0;'223082              ;PBL
'384105000261654665;31486            ;ESPINACA HOJA BLOQUE PFCONG*  ;20240702;10;3;3;   ;M;110;14;0;'2183                ;PBL
'384105000261707392;7248             ;FILETE CAELLA 90/110          ;20240627;10;126;0;   ;M;110;262;0;'MARGUEL092201XP2Y   ;PBL
'384105000261707415;90684            ;BACON LONCHAS UD GRANDE*      ;20221126;40;2;0;   ;E;5;2;1;'LHM30022            ;PBL
'384105000261707422;8363             ;CERDO HUESO ESPINAZO SALADO   ;20230425;40;4;0;   ;E;5;1;3;'LHM30022            ;PBL
'384105000261593001;77209            ;POLLO PECHUGA FILETE 140G CONG;20231130;10;71;1;   ;M;110;78;0;'2374                ;PBL
'384105000261707446;69331            ;CHORIZO GUISAR 1ª TROCEADO*   ;20221106;40;1;0;   ;E;5;2;3;'LHM30022            ;PBL
'384105000261707453;9138             ;CHORIZO GUISAR 1ª ENTERO      ;20221126;40;6;0;   ;E;5;1;1;'LHM30022            ;PBL
'384105000261707538;90668            ;JAMON YORK LONCHAS UD GRANDE* ;20221128;40;1;0;   ;E;4;23;1;'38102               ;PBL
'384105000261617134;74371            ;BACALAO FILETE EMPANADO CONG  ;20231129;10;192;0;   ;M;110;23;0;'22222               ;PBL
'384105000261707606;72653            ;PATATA BLANCA UNIDAD 15KG*    ;20221229;10;42;0;   ;E;4;29;0;'22021874002         ;PBL
'384105000261707620;5435             ;AJO ENTERO PELADO BOLSA 4ªGAMA;20221125;40;35;0;   ;E;4;28;1;'2299                ;PBL
'384105000261707644;33335            ;LECH ICEBERG 550G             ;20221205;10;200;0;   ;E;3;2;0;'2297                ;PBL
'384105000261617219;74625            ;ALBOND TRNA 25G S/GLUT-S/LAC C;20240510;10;3;0;   ;M;110;254;0;'22161005            ;PBL
'384105000261707699;36790            ;PIMIENTO ROJO G               ;20221229;40;8;0;   ;E;1;1;1;'4305                ;PBL
'384105000261707705;36814            ;PIMIENTO VERDE G              ;20221229;40;7;0;   ;E;1;2;1;'4305                ;PBL
'384105000261621452;87997            ;POLLO CUARTO TRASERO 250-325G ;20231231;10;13;0;   ;M;110;152;0;'2400                ;PBL
'384105000261625238;36467            ;PAVO JAMONCITO CONG*          ;20231102;10;23;0;   ;M;110;398;0;'261312              ;PAZ
'384105000261617813;32812            ;HUEVO LIQUIDO 1L*             ;20220821;40;71;0;COR;K;0;0;0;'B8548               ;PBL
'384105000261682460;31824            ;FOGONERO FILETE C/P 500-1000G ;20240221;10;60;0;   ;M;110;286;0;'230822              ;PAZ
'384105000261675288;5531             ;ALBONDIGA VACUNO 3X2KG        ;20231231;10;74;11;   ;M;110;208;0;'22166               ;PBL
'000000000004720638;10670            ;ZANAHORIA DADO PF CONG        ;20240830;10;45;0;   ;M;110;2;0;'2242                ;PBL
'384105000261675394;10670            ;ZANAHORIA DADO PF CONG        ;20240830;10;72;0;   ;M;110;2;0;'2242                ;PBL
'384105000261675400;10670            ;ZANAHORIA DADO PF CONG        ;20240830;10;72;0;   ;M;110;2;0;'2242                ;PBL
'384105000261675653;93975            ;CANELONES CARNE UNIDADES CONG*;20240228;10;37;5;   ;M;110;183;0;'22244               ;PBL
'384105000261675660;94115            ;LASAÑA CARNE S/BECHAMEL UD IND;20240228;10;33;3;   ;M;110;185;0;'22248               ;PBL
'384105000261667337;5484             ;AJO BROTES TIERNOS CONGG*0G CO;20240128;10;1;0;   ;M;110;345;0;'2028                ;PAZ
'384105000261644048;94664            ;HAMB TERNERA 80-90G S/GL S/LAC;20240611;10;17;6;   ;M;110;11;0;'22193009            ;PBL
'384105000261682484;39189            ;TERNERA HUESOS CORTADOS CONG* ;20240823;10;20;3;   ;M;110;465;0;'2234410008          ;PAZ
'384105000261587826;93691            ;TORTILLA PATATA S/CEB UD REDON;20230830;10;58;0;   ;M;110;173;0;'300823              ;PBL
'384105000261587918;95090            ;NUGGETS DE POLLO HORNO CONG*  ;20240531;10;68;0;   ;M;110;196;0;'13122               ;PBL
'384105000261708078;33905            ;MANZANA GOLDEN 5/6 UN/KG*     ;20221229;40;78;0;   ;E;1;1;2;'00000350            ;PBL
'384105000261708085;33905            ;MANZANA GOLDEN 5/6 UN/KG*     ;20221229;40;78;0;   ;E;1;3;2;'00000350            ;PBL
'384105000261708092;36855            ;PIÑA TROPICAL UNIDAD KG*.     ;20221229;10;40;0;   ;E;2;3;0;'0022434             ;PBL
'384105000261667511;36317            ;PATATA DUQUESA CONG           ;20240107;10;1;0;   ;M;110;358;0;'220075              ;PBL
'384105000261708108;36855            ;PIÑA TROPICAL UNIDAD KG*.     ;20221229;10;8;0;   ;E;2;3;0;'0022434             ;PBL
'384105000261667528;36810            ;PIMIENTO ROJO TIRAS CONG*     ;20240531;10;2;0;   ;M;110;250;0;'2125                ;PAZ
'384105000261667535;36810            ;PIMIENTO ROJO TIRAS CONG*     ;20240630;10;2;0;   ;M;110;250;0;'2161                ;PAZ
'384105000261708115;5059             ;ACEITE OLIVA 0,4º GAR 5L      ;20241025;50;58;0;DES;S;5;38;0;'22297A5             ;PBL
'384105000261691745;73908            ;CERDO CODILLO MITADES         ;20241007;10;41;0;   ;M;110;275;0;'22255013            ;PBL
'384105000261650377;32440            ;BURGER MIX 80-90G S/GLU S/LAC ;20240705;10;67;0;   ;M;110;334;0;'22216014            ;PBL
'384105000261691752;74625            ;ALBOND TRNA 25G S/GLUT-S/LAC C;20241007;10;150;0;   ;M;110;254;0;'2221703             ;PBL
'384105000261691769;37269            ;POTON TIRAS CONG              ;20241002;10;30;21;   ;M;110;257;0;'300922              ;PBL
'384105000261708122;5059             ;ACEITE OLIVA 0,4º GAR 5L      ;20241025;10;49;0;   ;E;2;19;0;'22297A5             ;PBL
'384105000261691776;38632            ;PREPARADO SOPA MARISCO S/CASCA;20240730;10;94;9;   ;M;110;362;0;'033024              ;PAZ
'384105000261708139;5059             ;ACEITE OLIVA 0,4º GAR 5L      ;20241025;40;60;0;   ;S;5;42;0;'22297A5             ;PBL
'384105000261708146;5059             ;ACEITE OLIVA 0,4º GAR 5L      ;20241025;40;60;0;   ;S;5;43;0;'22297A5             ;PBL
'384105000261708153;5059             ;ACEITE OLIVA 0,4º GAR 5L      ;20241025;40;60;0;   ;J;0;0;0;'22297A5             ;PBL
'384105000261708160;5076             ;ACEITE OLIVA VIRGEN EXTRA 5L  ;20241025;40;60;0;   ;J;0;0;0;'22292A4             ;PBL
'384105000261708177;5076             ;ACEITE OLIVA VIRGEN EXTRA 5L  ;20241025;40;60;0;   ;S;5;44;0;'22292A4             ;PBL
'384105000261708184;5046             ;ACEITE GIRASOL GAR 5L         ;20241025;40;60;0;   ;S;5;40;0;'22277A5             ;PBL
'384105000261708191;5046             ;ACEITE GIRASOL GAR 5L         ;20241025;40;60;0;   ;S;5;41;0;'22277A5             ;PBL
'384105000261708207;5046             ;ACEITE GIRASOL GAR 5L         ;20241025;40;60;0;   ;S;5;45;0;'22277A5             ;PBL
'384105000261708214;5046             ;ACEITE GIRASOL GAR 5L         ;20241025;40;60;0;   ;S;5;46;0;'22277A5             ;PBL
'384105000261708221;5046             ;ACEITE GIRASOL GAR 5L         ;20241025;40;60;0;   ;S;5;47;0;'22277A5             ;PBL
'384105000261708238;5046             ;ACEITE GIRASOL GAR 5L         ;20241025;40;60;0;   ;S;5;48;0;'22277A5             ;PBL
'384105000261708245;5046             ;ACEITE GIRASOL GAR 5L         ;20241025;40;60;0;   ;S;5;49;0;'22277A5             ;PBL
'384105000261708252;5046             ;ACEITE GIRASOL GAR 5L         ;20241025;40;60;0;   ;J;0;0;0;'22277A5             ;PBL
'384105000261691783;79976            ;BACALAO FILETE C/P +1000G CONG;20230930;10;7;7;   ;M;110;94;0;'099/22              ;PBL
'384105000261691790;79976            ;BACALAO FILETE C/P +1000G CONG;20230930;10;60;3;   ;M;110;94;0;'100/22              ;PBL
'384105000261691806;79976            ;BACALAO FILETE C/P +1000G CONG;20230930;10;66;0;   ;M;110;94;0;'99/22               ;PBL
'384105000261667689;94577            ;VIEIRA GRATINADA MEDIA CONCHA ;20230428;10;54;0;   ;M;110;514;0;'1112                ;PAZ
'384105000261667696;94577            ;VIEIRA GRATINADA MEDIA CONCHA ;20230528;10;36;0;   ;M;110;514;0;'11220               ;PAZ
'384105000261688974;5076             ;ACEITE OLIVA VIRGEN EXTRA 5L  ;20240903;10;44;0;   ;E;2;16;0;'22269A4             ;PBL
'384105000261689070;5067             ;ACEITE OLIVA 1º GAR 5L        ;20240903;10;38;0;   ;E;2;20;0;'22257A4             ;PBL
'384105000261689087;5067             ;ACEITE OLIVA 1º GAR 5L        ;20240903;40;60;0;   ;S;6;7;1;'22257A4             ;PBL
'384105000261689094;5067             ;ACEITE OLIVA 1º GAR 5L        ;20240903;40;60;0;   ;S;6;10;1;'22257A4             ;PBL
'384105000261695330;37253            ;POTA TUBO LIMPIO CONG         ;20240309;10;119;4;   ;M;110;299;0;'VE-133389           ;PBL
'384105000261695347;158089           ;POLLO MUSLO 180-220G IQF CONG ;20240209;10;19;2;   ;M;110;512;0;'18326               ;PBL
'384105000261695354;158109           ;POLLO CONTRAMUSLO C/HUESO IQF ;20240306;10;51;3;   ;M;110;508;0;'18545               ;PBL
'384105000261695361;36460            ;PAVO TACO GUISAR CONG*        ;20240323;10;2;2;   ;M;110;49;0;'2265                ;PBL
'384105000261695378;36460            ;PAVO TACO GUISAR CONG*        ;20240323;10;60;29;   ;M;110;49;0;'2265                ;PBL
'000000000004734024;37080            ;POLLO CARCASA CONG            ;20240203;10;7;2;   ;M;110;102;0;'18301               ;PBL
'384105000261695385;37080            ;POLLO CARCASA CONG            ;20240213;10;60;0;   ;M;110;102;0;'18352               ;PBL
'384105000261695392;80059            ;POLLO TACO GUISAR CONG*       ;20240213;10;33;2;   ;M;110;499;0;'18357               ;PBL
'384105000261695408;80059            ;POLLO TACO GUISAR CONG*       ;20240213;10;60;0;   ;M;110;499;0;'18388               ;PBL
'384105000261653019;7785             ;CERDO Y TERNERA CARNE PICADA  ;20240124;10;32;6;   ;M;110;329;0;'2206822             ;PBL
'384105000261689155;14618            ;MANZANA ROYAL GALA 7/8 UN/KG* ;20221207;40;28;0;   ;E;3;13;0;'00000313            ;PBL
'384105000261708269;128704           ;TERNERA ESCALOPIN 60G CONG    ;20231026;10;60;0;   ;M;110;321;0;'22299               ;PBL
'384105000261685393;34211            ;MERLUZA PORCION 90-110G CONG* ;20230731;10;49;6;   ;M;110;36;0;'15/01               ;PBL
'384105000261675790;154633           ;BACON TOPPING CONG            ;20240301;10;48;0;   ;M;110;504;0;'4205                ;PBL
'384105000261685669;39367            ;TOAMTE MADURO MM GRANELL      ;20221204;40;115;0;DES;E;3;18;0;'6626                ;PBL
'384105000261708276;90668            ;JAMON YORK LONCHAS UD GRANDE* ;20221128;40;2;0;   ;E;4;23;1;'38102               ;PBL
'384105000261708290;36476            ;PECHUGA COCIDA PAVO PIEZA ENTE;20230408;40;5;0;   ;E;4;19;1;'101703              ;PBL
'384105000261651046;33319            ;LECHE SEMIDESNATADA BRICK 1L* ;20221217;10;57;0;   ;E;2;21;0;'1111223D06          ;PBL
'384105000261651053;33319            ;LECHE SEMIDESNATADA BRICK 1L* ;20221217;40;125;0;   ;S;2;17;3;'1111223D06          ;PBL
'384105000261708306;77240            ;TERNERA TACO GUISAR ELABORADA ;20240202;10;1;1;   ;M;110;89;0;'2207113             ;PBL
'000000000004730286;30801            ;CROQUETA CASERA POLLO CONG*   ;20240228;10;117;0;   ;M;110;9;0;'20930               ;PBL
'384105000261689469;30802            ;CROQUETA POLLO CONG*          ;20240328;10;117;0;   ;M;110;10;0;'21005               ;PBL
'384105000261689476;30803            ;CROQUETA ARTESANA POLLO CONG  ;20240228;10;115;1;   ;M;110;12;0;'20930               ;PBL
'384105000261708320;33538            ;FILETE LOMO CERDO 30 GR. CG.  ;20240427;10;89;0;   ;M;110;317;0;'65561               ;PBL
'384105000261708337;4045             ;CERDO MANOS/PIES CORTE MITAD  ;20240422;10;76;1;   ;M;110;472;0;'65410               ;PAZ
'384105000261708344;4045             ;CERDO MANOS/PIES CORTE MITAD  ;20240422;10;76;0;   ;M;110;472;0;'65410               ;PAZ
'000000000004740896;77229            ;CERDO AGUJA FILETE 90G ELABOR ;20240426;10;90;0;   ;M;110;82;0;'65514               ;PBL
'384105000261708351;8294             ;CERDO CINTA LOMO FILETE 60G C ;20240427;10;90;0;   ;M;110;314;0;'65560               ;PBL
'384105000261703202;84037            ;POLLO CONTRAMUSLO FILETE IQF 9;20240430;10;84;0;   ;M;110;126;0;'4 520               ;PBL
'384105000261703219;84037            ;POLLO CONTRAMUSLO FILETE IQF 9;20240430;10;24;0;   ;M;110;126;0;'5 525               ;PBL
'384105000261703226;38020            ;SALCHICHA CERDO 30G CONG*     ;20241018;10;110;0;   ;M;110;59;0;'65401               ;PBL
'384105000261703233;59922            ;F. GALLINETA C/P PBO 120/170G ;20240430;10;126;0;   ;M;110;388;0;'B21004729           ;PAZ
'384105000261683153;32783            ;HUEVO CLARA LIQUIDA 1L*       ;20221120;40;55;0;   ;E;3;14;0;'K67475              ;PBL
'384105000261683177;90767            ;HUEVO COCIDO M CUBO MEDIANO*  ;20221121;10;24;0;   ;E;3;7;0;'481                 ;PBL
'384105000261699734;33905            ;MANZANA GOLDEN 5/6 UN/KG*     ;20221221;10;22;0;   ;E;2;8;0;'00000339            ;PBL
'384105000261696047;33872            ;MANTEQUILLA PASTILLA 1KG*     ;20230220;40;9;0;   ;E;4;19;0;'2223640             ;PBL
'384105000261696054;33967            ;MARG. 3/4 TARRINA 10G. ASTOR  ;20230531;40;24;0;   ;E;4;23;0;'2282                ;PBL
'384105000261699772;33112            ;LACON AHUMADO PIEZA ENTERA    ;20230214;40;1;0;   ;E;4;9;0;'4122                ;PBL
'384105000261699857;84037            ;POLLO CONTRAMUSLO FILETE IQF 9;20240430;10;74;0;   ;M;110;126;0;'4521                ;PBL
'000000000004736295;84037            ;POLLO CONTRAMUSLO FILETE IQF 9;20240430;10;31;0;   ;M;110;126;0;'4522                ;PBL
'384105000261699888;4398             ;QUESO SANDW ESCALONADA KG     ;20221211;40;34;0;   ;E;4;22;0;'28805285            ;PBL
'384105000261699895;10662            ;ZANAHORIA BABY PF CONG        ;20240603;10;14;7;   ;M;110;1;0;'2154                ;PBL
'384105000261699901;10700            ;ZANAHORIA RODAJA PF CONG      ;20241003;10;64;0;   ;M;110;3;0;'2276                ;PBL
'384105000261699918;10700            ;ZANAHORIA RODAJA PF CONG      ;20241003;10;64;0;   ;M;110;3;0;'2276                ;PBL
'384105000261699925;32383            ;GUISANTE FINO CONG            ;20241013;10;80;0;   ;M;110;16;0;'2286                ;PBL
'384105000261699932;32383            ;GUISANTE FINO CONG            ;20241013;10;80;0;   ;M;110;16;0;'2286                ;PBL
'384105000261699949;34155            ;MENESTRA COMUN PF CONG*       ;20240825;10;72;0;   ;M;110;31;0;'2237                ;PBL
'000000000004736332;34155            ;MENESTRA COMUN PF CONG*       ;20240825;10;72;0;   ;M;110;31;0;'2237                ;PBL
'384105000261699956;34155            ;MENESTRA COMUN PF CONG*       ;20241014;10;72;0;   ;M;110;31;0;'2287                ;PBL
'384105000261699963;34155            ;MENESTRA COMUN PF CONG*       ;20241014;10;72;0;   ;M;110;31;0;'2287                ;PBL
'384105000261699970;36793            ;PIMIENTO ROJO DADO CONG*      ;20240926;10;72;0;   ;M;110;50;0;'2269                ;PBL
'384105000261699987;36793            ;PIMIENTO ROJO DADO CONG*      ;20240926;10;72;0;   ;M;110;50;0;'2269                ;PBL
'000000000004736370;36817            ;PIMIENTO VERDE DADO CONG*     ;20240921;10;72;0;   ;M;110;51;0;'2264                ;PBL
'384105000261700003;57908            ;JUDIA VERDE PLANA TROZOS PF CO;20241014;10;72;0;   ;M;110;63;0;'2287                ;PBL
'384105000261700010;57908            ;JUDIA VERDE PLANA TROZOS PF CO;20241014;10;72;0;   ;M;110;63;0;'2287                ;PBL
'384105000261700027;57908            ;JUDIA VERDE PLANA TROZOS PF CO;20241014;10;72;0;   ;M;110;63;0;'2287                ;PBL
'384105000261700034;57908            ;JUDIA VERDE PLANA TROZOS PF CO;20241014;10;72;0;   ;M;110;63;0;'2287                ;PBL
'384105000261700041;57910            ;JUDIA VERDE REDONDA TROZOS PF ;20240706;10;22;20;   ;M;110;64;0;'2187                ;PBL
'384105000261700058;57910            ;JUDIA VERDE REDONDA TROZOS PF ;20240706;10;72;0;   ;M;110;64;0;'2187                ;PBL
'384105000261700065;57910            ;JUDIA VERDE REDONDA TROZOS PF ;20240706;10;72;0;   ;M;110;64;0;'2187                ;PBL
'384105000261700072;57931            ;VERDURAS DE SOPA PF CONG*     ;20240909;10;72;0;   ;M;110;68;0;'2252                ;PBL
'384105000261700089;7384             ;CALABAZA DADO CONG*           ;20241004;10;48;21;   ;M;110;24;0;'2277                ;PBL
'384105000261700096;7384             ;CALABAZA DADO CONG*           ;20241011;10;72;0;   ;M;110;24;0;'2284                ;PBL
'384105000261700102;8087             ;CEBOLLA DADO PF CONG          ;20240921;10;64;0;   ;M;110;219;0;'2264                ;PBL
'384105000261700119;8087             ;CEBOLLA DADO PF CONG          ;20240921;10;64;0;   ;M;110;219;0;'2264                ;PBL
'384105000261700126;8087             ;CEBOLLA DADO PF CONG          ;20240921;10;64;0;   ;M;110;219;0;'2264                ;PBL
'384105000261700133;8087             ;CEBOLLA DADO PF CONG          ;20240921;10;64;0;   ;M;110;219;0;'2264                ;PBL
'000000000004736387;8087             ;CEBOLLA DADO PF CONG          ;20240921;10;64;0;   ;M;110;219;0;'2264                ;PBL
'384105000261700140;8087             ;CEBOLLA DADO PF CONG          ;20241010;10;64;0;   ;M;110;219;0;'2283                ;PBL
'384105000261700157;89269            ;TOMATE CHERRY UNIDAD          ;20221221;40;18;0;   ;E;4;27;1;'4203                ;PBL
'384105000261700263;77693            ;BANANA VERDE 5/7 UN/KG        ;20221221;40;1;0;   ;E;5;2;2;'4204                ;PBL
'384105000261703431;33335            ;LECH ICEBERG 550G             ;20221201;10;73;0;   ;E;3;2;0;'2294                ;PBL
'384105000261703509;132265           ;HUEVO FRESCO M/L(53/73)SIN JAU;20221118;10;18;0;   ;E;3;9;0;'425006              ;PBL
'384105000261703516;91771            ;HUEVO FRESCO M (53/63) ESTUCHE;20221115;40;48;0;   ;E;3;10;0;'422080              ;PBL
'384105000261703523;10662            ;ZANAHORIA BABY PF CONG        ;20240927;10;72;0;   ;M;110;1;0;'2270                ;PBL
'384105000261703530;10700            ;ZANAHORIA RODAJA PF CONG      ;20241003;10;64;0;   ;M;110;3;0;'2276                ;PBL
'000000000004738350;10700            ;ZANAHORIA RODAJA PF CONG      ;20241003;10;64;0;   ;M;110;3;0;'2276                ;PBL
'384105000261703547;32383            ;GUISANTE FINO CONG            ;20240705;10;58;6;   ;M;110;16;0;'2186                ;PBL
'384105000261703561;34155            ;MENESTRA COMUN PF CONG*       ;20240613;10;23;23;   ;M;110;31;0;'2164                ;PBL
'384105000261703578;34155            ;MENESTRA COMUN PF CONG*       ;20241014;10;72;0;   ;M;110;31;0;'2287                ;PBL
'384105000261703585;36793            ;PIMIENTO ROJO DADO CONG*      ;20240930;10;72;0;   ;M;110;50;0;'2273                ;PBL
'384105000261703592;36817            ;PIMIENTO VERDE DADO CONG*     ;20241011;10;72;0;   ;M;110;51;0;'2284                ;PBL
'384105000261703615;57908            ;JUDIA VERDE PLANA TROZOS PF CO;20240617;10;28;22;   ;M;110;63;0;'2168                ;PBL
'384105000261703622;57908            ;JUDIA VERDE PLANA TROZOS PF CO;20240617;10;72;0;   ;M;110;63;0;'2168                ;PBL
'384105000261703639;57908            ;JUDIA VERDE PLANA TROZOS PF CO;20240617;10;72;0;   ;M;110;63;0;'2168                ;PBL
'384105000261703646;57908            ;JUDIA VERDE PLANA TROZOS PF CO;20240617;10;72;0;   ;M;110;63;0;'2168                ;PBL
'384105000261700324;37269            ;POTON TIRAS CONG              ;20241004;10;108;0;   ;M;110;257;0;'051022              ;PBL
'384105000261703653;57908            ;JUDIA VERDE PLANA TROZOS PF CO;20240617;10;72;0;   ;M;110;63;0;'2168                ;PBL
'384105000261703660;57908            ;JUDIA VERDE PLANA TROZOS PF CO;20241002;10;72;0;   ;M;110;63;0;'2275                ;PBL
'384105000261703677;57910            ;JUDIA VERDE REDONDA TROZOS PF ;20241020;10;72;0;   ;M;110;64;0;'2293                ;PBL
'384105000261703684;57931            ;VERDURAS DE SOPA PF CONG*     ;20240909;10;72;0;   ;M;110;68;0;'2252                ;PBL
'384105000261703691;7384             ;CALABAZA DADO CONG*           ;20241004;10;72;0;   ;M;110;24;0;'2277                ;PBL
'000000000004738367;7384             ;CALABAZA DADO CONG*           ;20241004;10;72;0;   ;M;110;24;0;'2277                ;PBL
'384105000261703707;7384             ;CALABAZA DADO CONG*           ;20241004;10;72;0;   ;M;110;24;0;'2277                ;PBL
'384105000261703714;7384             ;CALABAZA DADO CONG*           ;20241004;10;72;0;   ;M;110;24;0;'2277                ;PBL
'384105000261703721;7384             ;CALABAZA DADO CONG*           ;20241011;10;72;0;   ;M;110;24;0;'2284                ;PBL
'384105000261703738;8087             ;CEBOLLA DADO PF CONG          ;20241010;10;64;0;   ;M;110;219;0;'2283                ;PBL
'384105000261703745;8087             ;CEBOLLA DADO PF CONG          ;20241010;10;64;0;   ;M;110;219;0;'2283                ;PBL
'384105000261703752;8087             ;CEBOLLA DADO PF CONG          ;20241010;10;64;0;   ;M;110;219;0;'2283                ;PBL
'000000000004738374;8087             ;CEBOLLA DADO PF CONG          ;20241010;10;32;0;   ;M;110;219;0;'2283                ;PBL
'384105000261703769;71941            ;HAMBURGUESA VEGETAL 80-90G CON;20241031;10;162;0;   ;M;110;420;0;'22279/162           ;PBL
'384105000261700331;5526             ;ALBONDIGA MXTA 25G S/GLU S/LAC;20240830;10;124;0;   ;M;110;284;0;'22273005            ;PBL
'384105000261700348;5526             ;ALBONDIGA MXTA 25G S/GLU S/LAC;20240912;10;160;0;   ;M;110;284;0;'22286007            ;PBL
'384105000261700355;5526             ;ALBONDIGA MXTA 25G S/GLU S/LAC;20240912;10;16;0;   ;M;110;284;0;'22286007            ;PBL
'000000000004645900;36298            ;PATATA BRAVA CONG*            ;20240430;10;26;15;   ;M;110;44;0;'1004237855          ;PBL
'384105000261582883;36298            ;PATATA BRAVA CONG*            ;20240430;10;63;0;   ;M;110;44;0;'1004237855          ;PBL
'384105000261582890;36298            ;PATATA BRAVA CONG*            ;20240430;10;63;0;   ;M;110;44;0;'1004237855          ;PBL
'384105000261582906;36315            ;PATATA DADO PREFRITA CONG     ;20240430;10;72;0;   ;M;110;45;0;'1004224604          ;PBL
'384105000261582944;36316            ;PATATA DOLLAR CONG            ;20240430;10;37;2;   ;M;110;46;0;'1004221430          ;PBL
'384105000261582951;36316            ;PATATA DOLLAR CONG            ;20240430;10;72;0;   ;M;110;46;0;'1004241645          ;PBL
'384105000261582968;36316            ;PATATA DOLLAR CONG            ;20240430;10;72;0;   ;M;110;46;0;'1001221430          ;PBL
'384105000261582975;36331            ;PATATA JULIANA 6X6 CONG*      ;20230831;10;54;0;   ;M;110;251;0;'1004167422          ;PBL
'384105000261582982;36331            ;PATATA JULIANA 6X6 CONG*      ;20230831;10;54;0;   ;M;110;251;0;'1004174515          ;PBL
'384105000261582999;36331            ;PATATA JULIANA 6X6 CONG*      ;20230831;10;54;0;   ;M;110;251;0;'1004174515          ;PBL
'384105000261664237;158101           ;POLLO CONTRAMUSLO FILETE 150G ;20240228;10;25;0;   ;M;110;519;0;'5479                ;PBL
